PRAGMA foreign_keys=OFF;
BEGIN TRANSACTION;
CREATE TABLE `core_store` (`id` integer not null primary key autoincrement, `key` varchar(255) null, `value` text null, `type` varchar(255) null, `environment` varchar(255) null, `tag` varchar(255) null);
INSERT INTO core_store VALUES(1,'db_model_core_store','{"key":{"type":"string"},"value":{"type":"text"},"type":{"type":"string"},"environment":{"type":"string"},"tag":{"type":"string"}}','object',NULL,NULL);
INSERT INTO core_store VALUES(2,'db_model_strapi_webhooks','{"name":{"type":"string"},"url":{"type":"text"},"headers":{"type":"json"},"events":{"type":"json"},"enabled":{"type":"boolean"}}','object',NULL,NULL);
INSERT INTO core_store VALUES(3,'db_model_strapi_permission','{"action":{"type":"string","minLength":1,"configurable":false,"required":true},"subject":{"type":"string","minLength":1,"configurable":false,"required":false},"fields":{"type":"json","configurable":false,"required":false,"default":[]},"conditions":{"type":"json","configurable":false,"required":false,"default":[]},"role":{"configurable":false,"model":"role","plugin":"admin"},"created_at":{"type":"currentTimestamp"},"updated_at":{"type":"currentTimestamp"}}','object',NULL,NULL);
INSERT INTO core_store VALUES(4,'db_model_strapi_role','{"name":{"type":"string","minLength":1,"unique":true,"configurable":false,"required":true},"code":{"type":"string","minLength":1,"unique":true,"configurable":false,"required":true},"description":{"type":"string","configurable":false},"users":{"configurable":false,"collection":"user","via":"roles","plugin":"admin","attribute":"user","column":"id","isVirtual":true},"permissions":{"configurable":false,"plugin":"admin","collection":"permission","via":"role","isVirtual":true},"created_at":{"type":"currentTimestamp"},"updated_at":{"type":"currentTimestamp"}}','object',NULL,NULL);
INSERT INTO core_store VALUES(5,'db_model_strapi_administrator','{"firstname":{"type":"string","unique":false,"minLength":1,"configurable":false,"required":false},"lastname":{"type":"string","unique":false,"minLength":1,"configurable":false,"required":false},"username":{"type":"string","unique":false,"configurable":false,"required":false},"email":{"type":"email","minLength":6,"configurable":false,"required":true,"unique":true,"private":true},"password":{"type":"password","minLength":6,"configurable":false,"required":false,"private":true},"resetPasswordToken":{"type":"string","configurable":false,"private":true},"registrationToken":{"type":"string","configurable":false,"private":true},"isActive":{"type":"boolean","default":false,"configurable":false,"private":true},"roles":{"collection":"role","collectionName":"strapi_users_roles","via":"users","dominant":true,"plugin":"admin","configurable":false,"private":true,"attribute":"role","column":"id","isVirtual":true},"blocked":{"type":"boolean","default":false,"configurable":false,"private":true}}','object',NULL,NULL);
INSERT INTO core_store VALUES(6,'db_model_users-permissions_permission','{"type":{"type":"string","required":true,"configurable":false},"controller":{"type":"string","required":true,"configurable":false},"action":{"type":"string","required":true,"configurable":false},"enabled":{"type":"boolean","required":true,"configurable":false},"policy":{"type":"string","configurable":false},"role":{"model":"role","via":"permissions","plugin":"users-permissions","configurable":false},"created_by":{"model":"user","plugin":"admin"},"updated_by":{"model":"user","plugin":"admin"}}','object',NULL,NULL);
INSERT INTO core_store VALUES(7,'db_model_users-permissions_role','{"name":{"type":"string","minLength":3,"required":true,"configurable":false},"description":{"type":"string","configurable":false},"type":{"type":"string","unique":true,"configurable":false},"permissions":{"collection":"permission","via":"role","plugin":"users-permissions","configurable":false,"isVirtual":true},"users":{"collection":"user","via":"role","configurable":false,"plugin":"users-permissions","isVirtual":true},"created_by":{"model":"user","plugin":"admin"},"updated_by":{"model":"user","plugin":"admin"}}','object',NULL,NULL);
INSERT INTO core_store VALUES(8,'db_model_users-permissions_user','{"username":{"type":"string","minLength":3,"unique":true,"configurable":false,"required":true},"email":{"type":"email","minLength":6,"configurable":false,"required":true},"provider":{"type":"string","configurable":false},"password":{"type":"password","minLength":6,"configurable":false,"private":true},"resetPasswordToken":{"type":"string","configurable":false,"private":true},"confirmed":{"type":"boolean","default":false,"configurable":false},"blocked":{"type":"boolean","default":false,"configurable":false},"role":{"model":"role","via":"users","plugin":"users-permissions","configurable":false},"created_by":{"model":"user","plugin":"admin"},"updated_by":{"model":"user","plugin":"admin"},"created_at":{"type":"currentTimestamp"},"updated_at":{"type":"currentTimestamp"}}','object',NULL,NULL);
INSERT INTO core_store VALUES(9,'db_model_upload_file','{"name":{"type":"string","configurable":false,"required":true},"alternativeText":{"type":"string","configurable":false},"caption":{"type":"string","configurable":false},"width":{"type":"integer","configurable":false},"height":{"type":"integer","configurable":false},"formats":{"type":"json","configurable":false},"hash":{"type":"string","configurable":false,"required":true},"ext":{"type":"string","configurable":false},"mime":{"type":"string","configurable":false,"required":true},"size":{"type":"decimal","configurable":false,"required":true},"url":{"type":"string","configurable":false,"required":true},"previewUrl":{"type":"string","configurable":false},"provider":{"type":"string","configurable":false,"required":true},"provider_metadata":{"type":"json","configurable":false},"related":{"collection":"*","filter":"field","configurable":false},"created_by":{"model":"user","plugin":"admin"},"updated_by":{"model":"user","plugin":"admin"},"created_at":{"type":"currentTimestamp"},"updated_at":{"type":"currentTimestamp"}}','object',NULL,NULL);
INSERT INTO core_store VALUES(10,'db_model_strapi_users_roles','{"user_id":{"type":"integer"},"role_id":{"type":"integer"}}','object',NULL,NULL);
INSERT INTO core_store VALUES(11,'db_model_upload_file_morph','{"upload_file_id":{"type":"integer"},"related_id":{"type":"integer"},"related_type":{"type":"text"},"field":{"type":"text"},"order":{"type":"integer"}}','object',NULL,NULL);
INSERT INTO core_store VALUES(12,'plugin_users-permissions_grant','{"email":{"enabled":true,"icon":"envelope"},"discord":{"enabled":false,"icon":"discord","key":"","secret":"","callback":"/auth/discord/callback","scope":["identify","email"],"redirectUri":"http://localhost:1337/connect/discord/callback"},"facebook":{"enabled":false,"icon":"facebook-square","key":"","secret":"","callback":"/auth/facebook/callback","scope":["email"],"redirectUri":"http://localhost:1337/connect/facebook/callback"},"google":{"enabled":false,"icon":"google","key":"","secret":"","callback":"/auth/google/callback","scope":["email"],"redirectUri":"http://localhost:1337/connect/google/callback"},"github":{"enabled":false,"icon":"github","key":"","secret":"","callback":"/auth/github/callback","scope":["user","user:email"],"redirectUri":"http://localhost:1337/connect/github/callback"},"microsoft":{"enabled":false,"icon":"windows","key":"","secret":"","callback":"/auth/microsoft/callback","scope":["user.read"],"redirectUri":"http://localhost:1337/connect/microsoft/callback"},"twitter":{"enabled":false,"icon":"twitter","key":"","secret":"","callback":"/auth/twitter/callback","redirectUri":"http://localhost:1337/connect/twitter/callback"},"instagram":{"enabled":false,"icon":"instagram","key":"","secret":"","callback":"/auth/instagram/callback","redirectUri":"http://localhost:1337/connect/instagram/callback"},"vk":{"enabled":false,"icon":"vk","key":"","secret":"","callback":"/auth/vk/callback","scope":["email"],"redirectUri":"http://localhost:1337/connect/vk/callback"},"twitch":{"enabled":false,"icon":"twitch","key":"","secret":"","callback":"/auth/twitch/callback","scope":["user:read:email"],"redirectUri":"http://localhost:1337/connect/twitch/callback"},"linkedin":{"enabled":false,"icon":"linkedin","key":"","secret":"","callback":"/auth/linkedin/callback","scope":["r_liteprofile","r_emailaddress"],"redirectUri":"http://localhost:1337/connect/linkedin/callback"},"cognito":{"enabled":false,"icon":"aws","key":"","secret":"","subdomain":"my.subdomain.com","callback":"/auth/cognito/callback","scope":["email","openid","profile"]}}','object','','');
INSERT INTO core_store VALUES(13,'plugin_upload_settings','{"sizeOptimization":true,"responsiveDimensions":true}','object','development','');
INSERT INTO core_store VALUES(14,'plugin_content_manager_configuration_content_types::strapi::permission','{"uid":"strapi::permission","settings":{"bulkable":true,"filterable":true,"searchable":true,"pageSize":10,"mainField":"action","defaultSortBy":"action","defaultSortOrder":"ASC"},"metadatas":{"id":{"edit":{},"list":{"label":"Id","searchable":true,"sortable":true}},"action":{"edit":{"label":"Action","description":"","placeholder":"","visible":true,"editable":true},"list":{"label":"Action","searchable":true,"sortable":true}},"subject":{"edit":{"label":"Subject","description":"","placeholder":"","visible":true,"editable":true},"list":{"label":"Subject","searchable":true,"sortable":true}},"fields":{"edit":{"label":"Fields","description":"","placeholder":"","visible":true,"editable":true},"list":{"label":"Fields","searchable":false,"sortable":false}},"conditions":{"edit":{"label":"Conditions","description":"","placeholder":"","visible":true,"editable":true},"list":{"label":"Conditions","searchable":false,"sortable":false}},"role":{"edit":{"label":"Role","description":"","placeholder":"","visible":true,"editable":true,"mainField":"name"},"list":{"label":"Role","searchable":false,"sortable":false}},"created_at":{"edit":{"label":"Created_at","description":"","placeholder":"","visible":false,"editable":true},"list":{"label":"Created_at","searchable":true,"sortable":true}},"updated_at":{"edit":{"label":"Updated_at","description":"","placeholder":"","visible":false,"editable":true},"list":{"label":"Updated_at","searchable":true,"sortable":true}}},"layouts":{"list":["id","action","subject","created_at"],"editRelations":["role"],"edit":[[{"name":"action","size":6},{"name":"subject","size":6}],[{"name":"fields","size":12}],[{"name":"conditions","size":12}]]}}','object','','');
INSERT INTO core_store VALUES(15,'plugin_content_manager_configuration_content_types::strapi::role','{"uid":"strapi::role","settings":{"bulkable":true,"filterable":true,"searchable":true,"pageSize":10,"mainField":"name","defaultSortBy":"name","defaultSortOrder":"ASC"},"metadatas":{"id":{"edit":{},"list":{"label":"Id","searchable":true,"sortable":true}},"name":{"edit":{"label":"Name","description":"","placeholder":"","visible":true,"editable":true},"list":{"label":"Name","searchable":true,"sortable":true}},"code":{"edit":{"label":"Code","description":"","placeholder":"","visible":true,"editable":true},"list":{"label":"Code","searchable":true,"sortable":true}},"description":{"edit":{"label":"Description","description":"","placeholder":"","visible":true,"editable":true},"list":{"label":"Description","searchable":true,"sortable":true}},"users":{"edit":{"label":"Users","description":"","placeholder":"","visible":true,"editable":true,"mainField":"firstname"},"list":{"label":"Users","searchable":false,"sortable":false}},"permissions":{"edit":{"label":"Permissions","description":"","placeholder":"","visible":true,"editable":true,"mainField":"action"},"list":{"label":"Permissions","searchable":false,"sortable":false}},"created_at":{"edit":{"label":"Created_at","description":"","placeholder":"","visible":false,"editable":true},"list":{"label":"Created_at","searchable":true,"sortable":true}},"updated_at":{"edit":{"label":"Updated_at","description":"","placeholder":"","visible":false,"editable":true},"list":{"label":"Updated_at","searchable":true,"sortable":true}}},"layouts":{"list":["id","name","code","description"],"editRelations":["users","permissions"],"edit":[[{"name":"name","size":6},{"name":"code","size":6}],[{"name":"description","size":6}]]}}','object','','');
INSERT INTO core_store VALUES(16,'plugin_content_manager_configuration_content_types::strapi::user','{"uid":"strapi::user","settings":{"bulkable":true,"filterable":true,"searchable":true,"pageSize":10,"mainField":"firstname","defaultSortBy":"firstname","defaultSortOrder":"ASC"},"metadatas":{"id":{"edit":{},"list":{"label":"Id","searchable":true,"sortable":true}},"firstname":{"edit":{"label":"Firstname","description":"","placeholder":"","visible":true,"editable":true},"list":{"label":"Firstname","searchable":true,"sortable":true}},"lastname":{"edit":{"label":"Lastname","description":"","placeholder":"","visible":true,"editable":true},"list":{"label":"Lastname","searchable":true,"sortable":true}},"username":{"edit":{"label":"Username","description":"","placeholder":"","visible":true,"editable":true},"list":{"label":"Username","searchable":true,"sortable":true}},"email":{"edit":{"label":"Email","description":"","placeholder":"","visible":true,"editable":true},"list":{"label":"Email","searchable":true,"sortable":true}},"password":{"edit":{"label":"Password","description":"","placeholder":"","visible":true,"editable":true},"list":{"label":"Password","searchable":true,"sortable":true}},"resetPasswordToken":{"edit":{"label":"ResetPasswordToken","description":"","placeholder":"","visible":true,"editable":true},"list":{"label":"ResetPasswordToken","searchable":true,"sortable":true}},"registrationToken":{"edit":{"label":"RegistrationToken","description":"","placeholder":"","visible":true,"editable":true},"list":{"label":"RegistrationToken","searchable":true,"sortable":true}},"isActive":{"edit":{"label":"IsActive","description":"","placeholder":"","visible":true,"editable":true},"list":{"label":"IsActive","searchable":true,"sortable":true}},"roles":{"edit":{"label":"Roles","description":"","placeholder":"","visible":true,"editable":true,"mainField":"name"},"list":{"label":"Roles","searchable":false,"sortable":false}},"blocked":{"edit":{"label":"Blocked","description":"","placeholder":"","visible":true,"editable":true},"list":{"label":"Blocked","searchable":true,"sortable":true}}},"layouts":{"list":["id","firstname","lastname","username"],"editRelations":["roles"],"edit":[[{"name":"firstname","size":6},{"name":"lastname","size":6}],[{"name":"username","size":6},{"name":"email","size":6}],[{"name":"password","size":6},{"name":"resetPasswordToken","size":6}],[{"name":"registrationToken","size":6},{"name":"isActive","size":4}],[{"name":"blocked","size":4}]]}}','object','','');
INSERT INTO core_store VALUES(17,'plugin_content_manager_configuration_content_types::plugins::users-permissions.permission','{"uid":"plugins::users-permissions.permission","settings":{"bulkable":true,"filterable":true,"searchable":true,"pageSize":10,"mainField":"type","defaultSortBy":"type","defaultSortOrder":"ASC"},"metadatas":{"id":{"edit":{},"list":{"label":"Id","searchable":true,"sortable":true}},"type":{"edit":{"label":"Type","description":"","placeholder":"","visible":true,"editable":true},"list":{"label":"Type","searchable":true,"sortable":true}},"controller":{"edit":{"label":"Controller","description":"","placeholder":"","visible":true,"editable":true},"list":{"label":"Controller","searchable":true,"sortable":true}},"action":{"edit":{"label":"Action","description":"","placeholder":"","visible":true,"editable":true},"list":{"label":"Action","searchable":true,"sortable":true}},"enabled":{"edit":{"label":"Enabled","description":"","placeholder":"","visible":true,"editable":true},"list":{"label":"Enabled","searchable":true,"sortable":true}},"policy":{"edit":{"label":"Policy","description":"","placeholder":"","visible":true,"editable":true},"list":{"label":"Policy","searchable":true,"sortable":true}},"role":{"edit":{"label":"Role","description":"","placeholder":"","visible":true,"editable":true,"mainField":"name"},"list":{"label":"Role","searchable":false,"sortable":false}}},"layouts":{"list":["id","type","controller","action"],"editRelations":["role"],"edit":[[{"name":"type","size":6},{"name":"controller","size":6}],[{"name":"action","size":6},{"name":"enabled","size":4}],[{"name":"policy","size":6}]]}}','object','','');
INSERT INTO core_store VALUES(18,'plugin_content_manager_configuration_content_types::plugins::users-permissions.role','{"uid":"plugins::users-permissions.role","settings":{"bulkable":true,"filterable":true,"searchable":true,"pageSize":10,"mainField":"name","defaultSortBy":"name","defaultSortOrder":"ASC"},"metadatas":{"id":{"edit":{},"list":{"label":"Id","searchable":true,"sortable":true}},"name":{"edit":{"label":"Name","description":"","placeholder":"","visible":true,"editable":true},"list":{"label":"Name","searchable":true,"sortable":true}},"description":{"edit":{"label":"Description","description":"","placeholder":"","visible":true,"editable":true},"list":{"label":"Description","searchable":true,"sortable":true}},"type":{"edit":{"label":"Type","description":"","placeholder":"","visible":true,"editable":true},"list":{"label":"Type","searchable":true,"sortable":true}},"permissions":{"edit":{"label":"Permissions","description":"","placeholder":"","visible":true,"editable":true,"mainField":"type"},"list":{"label":"Permissions","searchable":false,"sortable":false}},"users":{"edit":{"label":"Users","description":"","placeholder":"","visible":true,"editable":true,"mainField":"username"},"list":{"label":"Users","searchable":false,"sortable":false}}},"layouts":{"list":["id","name","description","type"],"editRelations":["permissions","users"],"edit":[[{"name":"name","size":6},{"name":"description","size":6}],[{"name":"type","size":6}]]}}','object','','');
INSERT INTO core_store VALUES(19,'plugin_content_manager_configuration_content_types::plugins::upload.file','{"uid":"plugins::upload.file","settings":{"bulkable":true,"filterable":true,"searchable":true,"pageSize":10,"mainField":"name","defaultSortBy":"name","defaultSortOrder":"ASC"},"metadatas":{"id":{"edit":{},"list":{"label":"Id","searchable":true,"sortable":true}},"name":{"edit":{"label":"Name","description":"","placeholder":"","visible":true,"editable":true},"list":{"label":"Name","searchable":true,"sortable":true}},"alternativeText":{"edit":{"label":"AlternativeText","description":"","placeholder":"","visible":true,"editable":true},"list":{"label":"AlternativeText","searchable":true,"sortable":true}},"caption":{"edit":{"label":"Caption","description":"","placeholder":"","visible":true,"editable":true},"list":{"label":"Caption","searchable":true,"sortable":true}},"width":{"edit":{"label":"Width","description":"","placeholder":"","visible":true,"editable":true},"list":{"label":"Width","searchable":true,"sortable":true}},"height":{"edit":{"label":"Height","description":"","placeholder":"","visible":true,"editable":true},"list":{"label":"Height","searchable":true,"sortable":true}},"formats":{"edit":{"label":"Formats","description":"","placeholder":"","visible":true,"editable":true},"list":{"label":"Formats","searchable":false,"sortable":false}},"hash":{"edit":{"label":"Hash","description":"","placeholder":"","visible":true,"editable":true},"list":{"label":"Hash","searchable":true,"sortable":true}},"ext":{"edit":{"label":"Ext","description":"","placeholder":"","visible":true,"editable":true},"list":{"label":"Ext","searchable":true,"sortable":true}},"mime":{"edit":{"label":"Mime","description":"","placeholder":"","visible":true,"editable":true},"list":{"label":"Mime","searchable":true,"sortable":true}},"size":{"edit":{"label":"Size","description":"","placeholder":"","visible":true,"editable":true},"list":{"label":"Size","searchable":true,"sortable":true}},"url":{"edit":{"label":"Url","description":"","placeholder":"","visible":true,"editable":true},"list":{"label":"Url","searchable":true,"sortable":true}},"previewUrl":{"edit":{"label":"PreviewUrl","description":"","placeholder":"","visible":true,"editable":true},"list":{"label":"PreviewUrl","searchable":true,"sortable":true}},"provider":{"edit":{"label":"Provider","description":"","placeholder":"","visible":true,"editable":true},"list":{"label":"Provider","searchable":true,"sortable":true}},"provider_metadata":{"edit":{"label":"Provider_metadata","description":"","placeholder":"","visible":true,"editable":true},"list":{"label":"Provider_metadata","searchable":false,"sortable":false}},"related":{"edit":{"label":"Related","description":"","placeholder":"","visible":true,"editable":true,"mainField":"id"},"list":{"label":"Related","searchable":false,"sortable":false}},"created_at":{"edit":{"label":"Created_at","description":"","placeholder":"","visible":false,"editable":true},"list":{"label":"Created_at","searchable":true,"sortable":true}},"updated_at":{"edit":{"label":"Updated_at","description":"","placeholder":"","visible":false,"editable":true},"list":{"label":"Updated_at","searchable":true,"sortable":true}}},"layouts":{"list":["id","name","alternativeText","caption"],"editRelations":["related"],"edit":[[{"name":"name","size":6},{"name":"alternativeText","size":6}],[{"name":"caption","size":6},{"name":"width","size":4}],[{"name":"height","size":4}],[{"name":"formats","size":12}],[{"name":"hash","size":6},{"name":"ext","size":6}],[{"name":"mime","size":6},{"name":"size","size":4}],[{"name":"url","size":6},{"name":"previewUrl","size":6}],[{"name":"provider","size":6}],[{"name":"provider_metadata","size":12}]]}}','object','','');
INSERT INTO core_store VALUES(20,'plugin_content_manager_configuration_content_types::plugins::users-permissions.user','{"uid":"plugins::users-permissions.user","settings":{"bulkable":true,"filterable":true,"searchable":true,"pageSize":10,"mainField":"username","defaultSortBy":"username","defaultSortOrder":"ASC"},"metadatas":{"id":{"edit":{},"list":{"label":"Id","searchable":true,"sortable":true}},"username":{"edit":{"label":"Username","description":"","placeholder":"","visible":true,"editable":true},"list":{"label":"Username","searchable":true,"sortable":true}},"email":{"edit":{"label":"Email","description":"","placeholder":"","visible":true,"editable":true},"list":{"label":"Email","searchable":true,"sortable":true}},"provider":{"edit":{"label":"Provider","description":"","placeholder":"","visible":false,"editable":true},"list":{"label":"Provider","searchable":true,"sortable":true}},"password":{"edit":{"label":"Password","description":"","placeholder":"","visible":true,"editable":true},"list":{"label":"Password","searchable":true,"sortable":true}},"resetPasswordToken":{"edit":{"label":"ResetPasswordToken","description":"","placeholder":"","visible":false,"editable":true},"list":{"label":"ResetPasswordToken","searchable":true,"sortable":true}},"confirmed":{"edit":{"label":"Confirmed","description":"","placeholder":"","visible":true,"editable":true},"list":{"label":"Confirmed","searchable":true,"sortable":true}},"blocked":{"edit":{"label":"Blocked","description":"","placeholder":"","visible":true,"editable":true},"list":{"label":"Blocked","searchable":true,"sortable":true}},"role":{"edit":{"label":"Role","description":"","placeholder":"","visible":true,"editable":true,"mainField":"name"},"list":{"label":"Role","searchable":false,"sortable":false}},"articles":{"edit":{"label":"Articles","description":"","placeholder":"","visible":true,"editable":true,"mainField":"title"},"list":{"label":"Articles","searchable":false,"sortable":false}},"created_at":{"edit":{"label":"Created_at","description":"","placeholder":"","visible":false,"editable":true},"list":{"label":"Created_at","searchable":true,"sortable":true}},"updated_at":{"edit":{"label":"Updated_at","description":"","placeholder":"","visible":false,"editable":true},"list":{"label":"Updated_at","searchable":true,"sortable":true}}},"layouts":{"list":["id","username","email","confirmed"],"edit":[[{"name":"username","size":6},{"name":"email","size":6}],[{"name":"password","size":6},{"name":"confirmed","size":4}],[{"name":"blocked","size":4}]],"editRelations":["role","articles"]}}','object','','');
INSERT INTO core_store VALUES(21,'plugin_users-permissions_email','{"reset_password":{"display":"Email.template.reset_password","icon":"sync","options":{"from":{"name":"Administration Panel","email":"no-reply@strapi.io"},"response_email":"","object":"Reset password","message":"<p>We heard that you lost your password. Sorry about that!</p>\n\n<p>But don’t worry! You can use the following link to reset your password:</p>\n<p><%= URL %>?code=<%= TOKEN %></p>\n\n<p>Thanks.</p>"}},"email_confirmation":{"display":"Email.template.email_confirmation","icon":"check-square","options":{"from":{"name":"Administration Panel","email":"no-reply@strapi.io"},"response_email":"","object":"Account confirmation","message":"<p>Thank you for registering!</p>\n\n<p>You have to confirm your email address. Please click on the link below.</p>\n\n<p><%= URL %>?confirmation=<%= CODE %></p>\n\n<p>Thanks.</p>"}}}','object','','');
INSERT INTO core_store VALUES(22,'plugin_users-permissions_advanced','{"unique_email":true,"allow_register":false,"email_confirmation":false,"email_reset_password":null,"email_confirmation_redirection":null,"default_role":"authenticated"}','object','','');
INSERT INTO core_store VALUES(23,'db_model_posts','{"title":{"type":"string","required":true},"lead":{"type":"text"},"media":{"model":"file","via":"related","allowedTypes":["images","files","videos"],"plugin":"upload","required":false},"content":{"type":"richtext","required":true},"published":{"type":"date","required":true},"author":{"plugin":"users-permissions","model":"user"},"slug":{"type":"uid","required":true},"status":{"type":"enumeration","enum":["draft","published"],"required":true},"created_by":{"model":"user","plugin":"admin"},"updated_by":{"model":"user","plugin":"admin"},"created_at":{"type":"currentTimestamp"},"updated_at":{"type":"currentTimestamp"}}','object',NULL,NULL);
INSERT INTO core_store VALUES(25,'model_def_strapi::core-store','{"uid":"strapi::core-store","collectionName":"core_store","info":{"name":"core_store","description":""},"options":{"timestamps":false},"attributes":{"key":{"type":"string"},"value":{"type":"text"},"type":{"type":"string"},"environment":{"type":"string"},"tag":{"type":"string"}}}','object',NULL,NULL);
INSERT INTO core_store VALUES(26,'model_def_application::post.post','{"uid":"application::post.post","collectionName":"posts","kind":"collectionType","info":{"name":"Post"},"options":{"increments":true,"timestamps":["created_at","updated_at"],"draftAndPublish":true},"attributes":{"media":{"model":"file","via":"related","allowedTypes":["images","files","videos"],"plugin":"upload","required":false},"published_at":{"type":"datetime","configurable":false},"created_by":{"model":"user","plugin":"admin","configurable":false,"writable":false,"private":true},"updated_by":{"model":"user","plugin":"admin","configurable":false,"writable":false,"private":true}}}','object',NULL,NULL);
INSERT INTO core_store VALUES(27,'model_def_strapi::webhooks','{"uid":"strapi::webhooks","collectionName":"strapi_webhooks","info":{"name":"Strapi webhooks","description":""},"options":{"timestamps":false},"attributes":{"name":{"type":"string"},"url":{"type":"text"},"headers":{"type":"json"},"events":{"type":"json"},"enabled":{"type":"boolean"}}}','object',NULL,NULL);
INSERT INTO core_store VALUES(28,'model_def_strapi::permission','{"uid":"strapi::permission","collectionName":"strapi_permission","kind":"collectionType","info":{"name":"Permission","description":""},"options":{"timestamps":["created_at","updated_at"]},"attributes":{"action":{"type":"string","minLength":1,"configurable":false,"required":true},"subject":{"type":"string","minLength":1,"configurable":false,"required":false},"fields":{"type":"json","configurable":false,"required":false,"default":[]},"conditions":{"type":"json","configurable":false,"required":false,"default":[]},"role":{"configurable":false,"model":"role","plugin":"admin"}}}','object',NULL,NULL);
INSERT INTO core_store VALUES(29,'model_def_strapi::role','{"uid":"strapi::role","collectionName":"strapi_role","kind":"collectionType","info":{"name":"Role","description":""},"options":{"timestamps":["created_at","updated_at"]},"attributes":{"name":{"type":"string","minLength":1,"unique":true,"configurable":false,"required":true},"code":{"type":"string","minLength":1,"unique":true,"configurable":false,"required":true},"description":{"type":"string","configurable":false},"users":{"configurable":false,"collection":"user","via":"roles","plugin":"admin","attribute":"user","column":"id","isVirtual":true},"permissions":{"configurable":false,"plugin":"admin","collection":"permission","via":"role","isVirtual":true}}}','object',NULL,NULL);
INSERT INTO core_store VALUES(30,'model_def_strapi::user','{"uid":"strapi::user","collectionName":"strapi_administrator","kind":"collectionType","info":{"name":"User","description":""},"options":{"timestamps":false},"attributes":{"firstname":{"type":"string","unique":false,"minLength":1,"configurable":false,"required":false},"lastname":{"type":"string","unique":false,"minLength":1,"configurable":false,"required":false},"username":{"type":"string","unique":false,"configurable":false,"required":false},"email":{"type":"email","minLength":6,"configurable":false,"required":true,"unique":true,"private":true},"password":{"type":"password","minLength":6,"configurable":false,"required":false,"private":true},"resetPasswordToken":{"type":"string","configurable":false,"private":true},"registrationToken":{"type":"string","configurable":false,"private":true},"isActive":{"type":"boolean","default":false,"configurable":false,"private":true},"roles":{"collection":"role","collectionName":"strapi_users_roles","via":"users","dominant":true,"plugin":"admin","configurable":false,"private":true,"attribute":"role","column":"id","isVirtual":true},"blocked":{"type":"boolean","default":false,"configurable":false,"private":true}}}','object',NULL,NULL);
INSERT INTO core_store VALUES(31,'model_def_plugins::upload.file','{"uid":"plugins::upload.file","collectionName":"upload_file","kind":"collectionType","info":{"name":"file","description":""},"options":{"timestamps":["created_at","updated_at"]},"attributes":{"name":{"type":"string","configurable":false,"required":true},"alternativeText":{"type":"string","configurable":false},"caption":{"type":"string","configurable":false},"width":{"type":"integer","configurable":false},"height":{"type":"integer","configurable":false},"formats":{"type":"json","configurable":false},"hash":{"type":"string","configurable":false,"required":true},"ext":{"type":"string","configurable":false},"mime":{"type":"string","configurable":false,"required":true},"size":{"type":"decimal","configurable":false,"required":true},"url":{"type":"string","configurable":false,"required":true},"previewUrl":{"type":"string","configurable":false},"provider":{"type":"string","configurable":false,"required":true},"provider_metadata":{"type":"json","configurable":false},"related":{"collection":"*","filter":"field","configurable":false},"created_by":{"model":"user","plugin":"admin","configurable":false,"writable":false,"private":true},"updated_by":{"model":"user","plugin":"admin","configurable":false,"writable":false,"private":true}}}','object',NULL,NULL);
INSERT INTO core_store VALUES(32,'model_def_plugins::users-permissions.permission','{"uid":"plugins::users-permissions.permission","collectionName":"users-permissions_permission","kind":"collectionType","info":{"name":"permission","description":""},"options":{"timestamps":false},"attributes":{"type":{"type":"string","required":true,"configurable":false},"controller":{"type":"string","required":true,"configurable":false},"action":{"type":"string","required":true,"configurable":false},"enabled":{"type":"boolean","required":true,"configurable":false},"policy":{"type":"string","configurable":false},"role":{"model":"role","via":"permissions","plugin":"users-permissions","configurable":false},"created_by":{"model":"user","plugin":"admin","configurable":false,"writable":false,"private":true},"updated_by":{"model":"user","plugin":"admin","configurable":false,"writable":false,"private":true}}}','object',NULL,NULL);
INSERT INTO core_store VALUES(33,'model_def_plugins::users-permissions.role','{"uid":"plugins::users-permissions.role","collectionName":"users-permissions_role","kind":"collectionType","info":{"name":"role","description":""},"options":{"timestamps":false},"attributes":{"name":{"type":"string","minLength":3,"required":true,"configurable":false},"description":{"type":"string","configurable":false},"type":{"type":"string","unique":true,"configurable":false},"permissions":{"collection":"permission","via":"role","plugin":"users-permissions","configurable":false,"isVirtual":true},"users":{"collection":"user","via":"role","configurable":false,"plugin":"users-permissions","isVirtual":true},"created_by":{"model":"user","plugin":"admin","configurable":false,"writable":false,"private":true},"updated_by":{"model":"user","plugin":"admin","configurable":false,"writable":false,"private":true}}}','object',NULL,NULL);
INSERT INTO core_store VALUES(34,'model_def_plugins::users-permissions.user','{"uid":"plugins::users-permissions.user","collectionName":"users-permissions_user","kind":"collectionType","info":{"name":"user","description":""},"options":{"timestamps":["created_at","updated_at"]},"attributes":{"username":{"type":"string","minLength":3,"unique":true,"configurable":false,"required":true},"email":{"type":"email","minLength":6,"configurable":false,"required":true},"provider":{"type":"string","configurable":false},"password":{"type":"password","minLength":6,"configurable":false,"private":true},"resetPasswordToken":{"type":"string","configurable":false,"private":true},"confirmed":{"type":"boolean","default":false,"configurable":false},"blocked":{"type":"boolean","default":false,"configurable":false},"role":{"model":"role","via":"users","plugin":"users-permissions","configurable":false},"articles":{"via":"author","collection":"article","isVirtual":true},"created_by":{"model":"user","plugin":"admin","configurable":false,"writable":false,"private":true},"updated_by":{"model":"user","plugin":"admin","configurable":false,"writable":false,"private":true}}}','object',NULL,NULL);
INSERT INTO core_store VALUES(35,'model_def_teaser.teaser-media','{"uid":"teaser.teaser-media","collectionName":"components_teaser_teaser_medias","info":{"name":"Teaser media","icon":"bullhorn","description":""},"options":{"timestamps":false},"attributes":{"Title":{"type":"string"},"Media":{"model":"file","via":"related","allowedTypes":["images","files","videos"],"plugin":"upload","required":false},"Media_url":{"type":"string"},"Label":{"type":"string"},"Lead":{"type":"string"},"Link":{"type":"component","repeatable":false,"component":"general.link-relation"}}}','object',NULL,NULL);
INSERT INTO core_store VALUES(36,'plugin_content_manager_configuration_components::teaser.teaser-media','{"uid":"teaser.teaser-media","isComponent":true,"settings":{"bulkable":true,"filterable":true,"searchable":true,"pageSize":10,"mainField":"Title","defaultSortBy":"Title","defaultSortOrder":"ASC"},"metadatas":{"id":{"edit":{},"list":{"label":"Id","searchable":false,"sortable":false}},"Title":{"edit":{"label":"Title","description":"","placeholder":"","visible":true,"editable":true},"list":{"label":"Title","searchable":true,"sortable":true}},"Media":{"edit":{"label":"Media","description":"","placeholder":"","visible":true,"editable":true},"list":{"label":"Media","searchable":false,"sortable":false}},"Media_url":{"edit":{"label":"Media URL","description":"","placeholder":"","visible":true,"editable":true},"list":{"label":"Media_url","searchable":true,"sortable":true}},"Label":{"edit":{"label":"Label","description":"","placeholder":"","visible":true,"editable":true},"list":{"label":"Label","searchable":true,"sortable":true}},"Lead":{"edit":{"label":"Lead","description":"","placeholder":"","visible":true,"editable":true},"list":{"label":"Lead","searchable":true,"sortable":true}},"Link":{"edit":{"label":"Link","description":"","placeholder":"","visible":true,"editable":true},"list":{"label":"Link","searchable":false,"sortable":false}}},"layouts":{"list":["id","Title","Media","Label"],"edit":[[{"name":"Title","size":6},{"name":"Media_url","size":6}],[{"name":"Media","size":6}],[{"name":"Label","size":6},{"name":"Lead","size":6}],[{"name":"Link","size":12}]],"editRelations":[]}}','object','','');
INSERT INTO core_store VALUES(37,'model_def_application::token.token','{"uid":"application::token.token","collectionName":"tokens","kind":"collectionType","info":{"name":"token","description":"Tokens to access the Strapi Content API"},"options":{"increments":true,"timestamps":["created_at","updated_at"],"draftAndPublish":false},"attributes":{"name":{"type":"string"},"token":{"type":"string","unique":true,"required":false},"user":{"plugin":"users-permissions","model":"user"},"created_by":{"model":"user","plugin":"admin","configurable":false,"writable":false,"private":true},"updated_by":{"model":"user","plugin":"admin","configurable":false,"writable":false,"private":true}}}','object',NULL,NULL);
INSERT INTO core_store VALUES(38,'plugin_content_manager_configuration_content_types::application::token.token','{"uid":"application::token.token","settings":{"bulkable":true,"filterable":true,"searchable":true,"pageSize":10,"mainField":"name","defaultSortBy":"name","defaultSortOrder":"ASC"},"metadatas":{"id":{"edit":{},"list":{"label":"Id","searchable":true,"sortable":true}},"name":{"edit":{"label":"Name","description":"","placeholder":"","visible":true,"editable":true},"list":{"label":"Name","searchable":true,"sortable":true}},"token":{"edit":{"label":"Token","description":"","placeholder":"","visible":true,"editable":true},"list":{"label":"Token","searchable":true,"sortable":true}},"user":{"edit":{"label":"User","description":"","placeholder":"","visible":true,"editable":true,"mainField":"username"},"list":{"label":"User","searchable":false,"sortable":false}},"created_at":{"edit":{"label":"Created_at","description":"","placeholder":"","visible":false,"editable":true},"list":{"label":"Created_at","searchable":true,"sortable":true}},"updated_at":{"edit":{"label":"Updated_at","description":"","placeholder":"","visible":false,"editable":true},"list":{"label":"Updated_at","searchable":true,"sortable":true}}},"layouts":{"list":["id","name","token","created_at"],"editRelations":["user"],"edit":[[{"name":"name","size":6},{"name":"token","size":6}]]}}','object','','');
INSERT INTO core_store VALUES(39,'model_def_application::article.article','{"uid":"application::article.article","collectionName":"articles","kind":"collectionType","info":{"name":"Article","description":""},"options":{"increments":true,"timestamps":["created_at","updated_at"],"draftAndPublish":true},"attributes":{"title":{"type":"string"},"lead":{"type":"text"},"richtext_md":{"type":"richtext"},"media":{"model":"file","via":"related","allowedTypes":["images","files","videos"],"plugin":"upload","required":false},"media_url":{"type":"string"},"slug":{"type":"uid","targetField":"title","private":false,"required":true},"author":{"plugin":"users-permissions","model":"user","via":"articles"},"components":{"type":"dynamiczone","components":["teaser.teaser-media","teaser.teaser-text"]},"published_at":{"type":"datetime","configurable":false},"created_by":{"model":"user","plugin":"admin","configurable":false,"writable":false,"private":true},"updated_by":{"model":"user","plugin":"admin","configurable":false,"writable":false,"private":true}}}','object',NULL,NULL);
INSERT INTO core_store VALUES(40,'plugin_content_manager_configuration_content_types::application::article.article','{"uid":"application::article.article","settings":{"bulkable":true,"filterable":true,"searchable":true,"pageSize":10,"mainField":"title","defaultSortBy":"title","defaultSortOrder":"ASC"},"metadatas":{"published_at":{"edit":{"label":"Published_at","description":"","placeholder":"","visible":false,"editable":true},"list":{"label":"Published_at","searchable":true,"sortable":true}},"media":{"edit":{"label":"Media","description":"","placeholder":"","visible":true,"editable":true},"list":{"label":"Media","searchable":false,"sortable":false}},"created_at":{"edit":{"label":"Created_at","description":"","placeholder":"","visible":false,"editable":true},"list":{"label":"Created_at","searchable":true,"sortable":true}},"author":{"edit":{"label":"Author","description":"","placeholder":"","visible":true,"editable":true,"mainField":"username"},"list":{"label":"Author","searchable":false,"sortable":false}},"slug":{"edit":{"label":"Slug","description":"","placeholder":"","visible":true,"editable":true},"list":{"label":"Slug","searchable":true,"sortable":true}},"richtext_md":{"edit":{"label":"Richtext","description":"","placeholder":"","visible":true,"editable":true},"list":{"label":"Richtext_md","searchable":false,"sortable":false}},"media_url":{"edit":{"label":"Media URL","description":"","placeholder":"","visible":true,"editable":true},"list":{"label":"Media_url","searchable":true,"sortable":true}},"components":{"edit":{"label":"Components","description":"","placeholder":"","visible":true,"editable":true},"list":{"label":"Components","searchable":false,"sortable":false}},"updated_at":{"edit":{"label":"Updated_at","description":"","placeholder":"","visible":false,"editable":true},"list":{"label":"Updated_at","searchable":true,"sortable":true}},"title":{"edit":{"label":"Title","description":"","placeholder":"","visible":true,"editable":true},"list":{"label":"Title","searchable":true,"sortable":true}},"id":{"edit":{},"list":{"label":"Id","searchable":true,"sortable":true}},"lead":{"edit":{"label":"Lead","description":"","placeholder":"","visible":true,"editable":true},"list":{"label":"Lead","searchable":true,"sortable":true}}},"layouts":{"list":["id","title","lead","media"],"edit":[[{"name":"title","size":6},{"name":"slug","size":6}],[{"name":"lead","size":6},{"name":"media_url","size":6}],[{"name":"media","size":6}],[{"name":"richtext_md","size":12}],[{"name":"components","size":12}]],"editRelations":["author"]}}','object','','');
INSERT INTO core_store VALUES(42,'model_def_application::home.home','{"uid":"application::home.home","collectionName":"homes","kind":"singleType","info":{"name":"Home","description":""},"options":{"increments":true,"timestamps":["created_at","updated_at"],"draftAndPublish":true},"attributes":{"title":{"type":"string"},"slug":{"type":"uid","targetField":"title"},"richtext_md":{"type":"richtext"},"media":{"model":"file","via":"related","allowedTypes":["images","files","videos"],"plugin":"upload","required":false},"components":{"type":"dynamiczone","components":["teaser.teaser-media"]},"published_at":{"type":"datetime","configurable":false},"created_by":{"model":"user","plugin":"admin","configurable":false,"writable":false,"private":true},"updated_by":{"model":"user","plugin":"admin","configurable":false,"writable":false,"private":true}}}','object',NULL,NULL);
INSERT INTO core_store VALUES(43,'plugin_content_manager_configuration_content_types::application::home.home','{"uid":"application::home.home","settings":{"bulkable":true,"filterable":true,"searchable":true,"pageSize":10,"mainField":"title","defaultSortBy":"title","defaultSortOrder":"ASC"},"metadatas":{"published_at":{"edit":{"label":"Published_at","description":"","placeholder":"","visible":false,"editable":true},"list":{"label":"Published_at","searchable":true,"sortable":true}},"media":{"edit":{"label":"Media","description":"","placeholder":"","visible":true,"editable":true},"list":{"label":"Media","searchable":false,"sortable":false}},"created_at":{"edit":{"label":"Created_at","description":"","placeholder":"","visible":false,"editable":true},"list":{"label":"Created_at","searchable":true,"sortable":true}},"slug":{"edit":{"label":"Slug","description":"","placeholder":"","visible":true,"editable":false},"list":{"label":"Slug","searchable":true,"sortable":true}},"richtext_md":{"edit":{"label":"Richtext","description":"","placeholder":"","visible":true,"editable":true},"list":{"label":"Richtext_md","searchable":false,"sortable":false}},"components":{"edit":{"label":"Components","description":"","placeholder":"","visible":true,"editable":true},"list":{"label":"Components","searchable":false,"sortable":false}},"updated_at":{"edit":{"label":"Updated_at","description":"","placeholder":"","visible":false,"editable":true},"list":{"label":"Updated_at","searchable":true,"sortable":true}},"title":{"edit":{"label":"Title","description":"","placeholder":"","visible":true,"editable":true},"list":{"label":"Title","searchable":true,"sortable":true}},"id":{"edit":{},"list":{"label":"Id","searchable":true,"sortable":true}}},"layouts":{"list":["id","published_at","slug","title"],"edit":[[{"name":"title","size":6},{"name":"slug","size":6}],[{"name":"media","size":6}],[{"name":"richtext_md","size":12}],[{"name":"components","size":12}]],"editRelations":[]}}','object','','');
INSERT INTO core_store VALUES(44,'model_def_application::about.about','{"uid":"application::about.about","collectionName":"abouts","kind":"singleType","info":{"name":"About","description":""},"options":{"increments":true,"timestamps":["created_at","updated_at"],"draftAndPublish":true},"attributes":{"title":{"type":"string"},"slug":{"type":"uid","targetField":"title"},"richtext_md":{"type":"richtext"},"components":{"type":"dynamiczone","components":["teaser.teaser-media"]},"published_at":{"type":"datetime","configurable":false},"created_by":{"model":"user","plugin":"admin","configurable":false,"writable":false,"private":true},"updated_by":{"model":"user","plugin":"admin","configurable":false,"writable":false,"private":true}}}','object',NULL,NULL);
INSERT INTO core_store VALUES(45,'plugin_content_manager_configuration_content_types::application::about.about','{"uid":"application::about.about","settings":{"bulkable":true,"filterable":true,"searchable":true,"pageSize":10,"mainField":"title","defaultSortBy":"title","defaultSortOrder":"ASC"},"metadatas":{"id":{"edit":{},"list":{"label":"Id","searchable":true,"sortable":true}},"title":{"edit":{"label":"Title","description":"","placeholder":"","visible":true,"editable":true},"list":{"label":"Title","searchable":true,"sortable":true}},"slug":{"edit":{"label":"Slug","description":"","placeholder":"","visible":true,"editable":false},"list":{"label":"Slug","searchable":true,"sortable":true}},"richtext_md":{"edit":{"label":"Richtext","description":"","placeholder":"","visible":true,"editable":true},"list":{"label":"Richtext_md","searchable":false,"sortable":false}},"components":{"edit":{"label":"Components","description":"","placeholder":"","visible":true,"editable":true},"list":{"label":"Components","searchable":false,"sortable":false}},"published_at":{"edit":{"label":"Published_at","description":"","placeholder":"","visible":false,"editable":true},"list":{"label":"Published_at","searchable":true,"sortable":true}},"created_at":{"edit":{"label":"Created_at","description":"","placeholder":"","visible":false,"editable":true},"list":{"label":"Created_at","searchable":true,"sortable":true}},"updated_at":{"edit":{"label":"Updated_at","description":"","placeholder":"","visible":false,"editable":true},"list":{"label":"Updated_at","searchable":true,"sortable":true}}},"layouts":{"list":["id","title","published_at","slug"],"edit":[[{"name":"title","size":6},{"name":"slug","size":6}],[{"name":"richtext_md","size":12}],[{"name":"components","size":12}]],"editRelations":[]}}','object','','');
INSERT INTO core_store VALUES(46,'model_def_general.link-relation','{"uid":"general.link-relation","collectionName":"components_general_link_relations","info":{"name":"Link Relation","icon":"link","description":""},"options":{"timestamps":false},"attributes":{"Link_to_article":{"model":"article"},"Link_to_page":{"type":"string"}}}','object',NULL,NULL);
INSERT INTO core_store VALUES(47,'plugin_content_manager_configuration_components::general.link-relation','{"uid":"general.link-relation","isComponent":true,"settings":{"bulkable":true,"filterable":true,"searchable":true,"pageSize":10,"mainField":"Link_to_page","defaultSortBy":"Link_to_page","defaultSortOrder":"ASC"},"metadatas":{"id":{"edit":{},"list":{"label":"Id","searchable":false,"sortable":false}},"Link_to_article":{"edit":{"label":"Link to article","description":"","placeholder":"","visible":true,"editable":true,"mainField":"slug"},"list":{"label":"Link_to_article","searchable":false,"sortable":false}},"Link_to_page":{"edit":{"label":"Link to page","description":"Link to another internal or external page","placeholder":"","visible":true,"editable":true},"list":{"label":"Link_to_page","searchable":true,"sortable":true}}},"layouts":{"list":["id","Link_to_page"],"edit":[[{"name":"Link_to_article","size":6},{"name":"Link_to_page","size":6}]],"editRelations":[]}}','object','','');
INSERT INTO core_store VALUES(48,'model_def_teaser.teaser-text','{"uid":"teaser.teaser-text","collectionName":"components_teaser_teaser_texts","info":{"name":"Teaser Text","icon":"align-left","description":""},"options":{"timestamps":false},"attributes":{"Title":{"type":"string"},"Lead":{"type":"string"},"Date":{"type":"date"},"Link":{"type":"component","repeatable":false,"component":"general.link-relation"}}}','object',NULL,NULL);
INSERT INTO core_store VALUES(49,'plugin_content_manager_configuration_components::teaser.teaser-text','{"uid":"teaser.teaser-text","isComponent":true,"settings":{"bulkable":true,"filterable":true,"searchable":true,"pageSize":10,"mainField":"Title","defaultSortBy":"Title","defaultSortOrder":"ASC"},"metadatas":{"id":{"edit":{},"list":{"label":"Id","searchable":false,"sortable":false}},"Title":{"edit":{"label":"Title","description":"","placeholder":"","visible":true,"editable":true},"list":{"label":"Title","searchable":true,"sortable":true}},"Lead":{"edit":{"label":"Lead","description":"","placeholder":"","visible":true,"editable":true},"list":{"label":"Lead","searchable":true,"sortable":true}},"Date":{"edit":{"label":"Date","description":"","placeholder":"","visible":true,"editable":true},"list":{"label":"Date","searchable":true,"sortable":true}},"Link":{"edit":{"label":"Link","description":"","placeholder":"","visible":true,"editable":true},"list":{"label":"Link","searchable":false,"sortable":false}}},"layouts":{"list":["id","Title","Lead","Date"],"edit":[[{"name":"Title","size":6},{"name":"Lead","size":6}],[{"name":"Date","size":4}],[{"name":"Link","size":12}]],"editRelations":[]}}','object','','');
CREATE TABLE `strapi_webhooks` (`id` integer not null primary key autoincrement, `name` varchar(255) null, `url` text null, `headers` text null, `events` text null, `enabled` boolean null);
CREATE TABLE `strapi_permission` (`id` integer not null primary key autoincrement, `action` varchar(255) not null, `subject` varchar(255) null, `fields` text null, `conditions` text null, `role` integer null, `created_at` datetime null default CURRENT_TIMESTAMP, `updated_at` datetime null default CURRENT_TIMESTAMP);
INSERT INTO strapi_permission VALUES(1,'plugins::upload.read',NULL,NULL,'[]',2,1601456654571,1601456654591);
INSERT INTO strapi_permission VALUES(2,'plugins::upload.assets.create',NULL,NULL,'[]',2,1601456654628,1601456654636);
INSERT INTO strapi_permission VALUES(3,'plugins::upload.assets.update',NULL,NULL,'[]',2,1601456654660,1601456654676);
INSERT INTO strapi_permission VALUES(4,'plugins::upload.assets.download',NULL,NULL,'[]',2,1601456654694,1601456654708);
INSERT INTO strapi_permission VALUES(5,'plugins::upload.assets.copy-link',NULL,NULL,'[]',2,1601456654733,1601456654741);
INSERT INTO strapi_permission VALUES(6,'plugins::upload.read',NULL,NULL,'["admin::is-creator"]',3,1601456654766,1601456654776);
INSERT INTO strapi_permission VALUES(7,'plugins::upload.assets.create',NULL,NULL,'[]',3,1601456654803,1601456654814);
INSERT INTO strapi_permission VALUES(8,'plugins::upload.assets.update',NULL,NULL,'["admin::is-creator"]',3,1601456654831,1601456654838);
INSERT INTO strapi_permission VALUES(9,'plugins::upload.assets.download',NULL,NULL,'[]',3,1601456654914,1601456654934);
INSERT INTO strapi_permission VALUES(10,'plugins::upload.assets.copy-link',NULL,NULL,'[]',3,1601456654954,1601456654961);
INSERT INTO strapi_permission VALUES(14,'plugins::content-manager.explorer.delete','plugins::users-permissions.user',NULL,'[]',1,1601456655291,1601456655300);
INSERT INTO strapi_permission VALUES(15,'plugins::content-type-builder.read',NULL,NULL,'[]',1,1601456655325,1601456655336);
INSERT INTO strapi_permission VALUES(16,'plugins::upload.read',NULL,NULL,'[]',1,1601456655594,1601456655605);
INSERT INTO strapi_permission VALUES(17,'plugins::upload.assets.create',NULL,NULL,'[]',1,1601456655627,1601456655800);
INSERT INTO strapi_permission VALUES(18,'plugins::upload.assets.update',NULL,NULL,'[]',1,1601456655860,1601456655879);
INSERT INTO strapi_permission VALUES(19,'plugins::upload.assets.download',NULL,NULL,'[]',1,1601456655907,1601456655920);
INSERT INTO strapi_permission VALUES(20,'plugins::upload.assets.copy-link',NULL,NULL,'[]',1,1601456655949,1601456655960);
INSERT INTO strapi_permission VALUES(21,'plugins::upload.settings.read',NULL,NULL,'[]',1,1601456656413,1601456656446);
INSERT INTO strapi_permission VALUES(22,'plugins::content-manager.single-types.configure-view',NULL,NULL,'[]',1,1601456656526,1601456656561);
INSERT INTO strapi_permission VALUES(23,'plugins::content-manager.collection-types.configure-view',NULL,NULL,'[]',1,1601456656718,1601456656981);
INSERT INTO strapi_permission VALUES(24,'plugins::content-manager.components.configure-layout',NULL,NULL,'[]',1,1601456657158,1601456657182);
INSERT INTO strapi_permission VALUES(25,'plugins::users-permissions.roles.create',NULL,NULL,'[]',1,1601456657340,1601456657355);
INSERT INTO strapi_permission VALUES(26,'plugins::users-permissions.roles.read',NULL,NULL,'[]',1,1601456657396,1601456657411);
INSERT INTO strapi_permission VALUES(27,'plugins::users-permissions.roles.update',NULL,NULL,'[]',1,1601456657434,1601456657445);
INSERT INTO strapi_permission VALUES(28,'plugins::users-permissions.roles.delete',NULL,NULL,'[]',1,1601456657466,1601456657486);
INSERT INTO strapi_permission VALUES(29,'plugins::users-permissions.providers.read',NULL,NULL,'[]',1,1601456657504,1601456657517);
INSERT INTO strapi_permission VALUES(30,'plugins::users-permissions.providers.update',NULL,NULL,'[]',1,1601456657537,1601456657548);
INSERT INTO strapi_permission VALUES(31,'plugins::users-permissions.email-templates.read',NULL,NULL,'[]',1,1601456657843,1601456657869);
INSERT INTO strapi_permission VALUES(32,'plugins::users-permissions.email-templates.update',NULL,NULL,'[]',1,1601456657903,1601456657947);
INSERT INTO strapi_permission VALUES(33,'plugins::users-permissions.advanced-settings.read',NULL,NULL,'[]',1,1601456658157,1601456658216);
INSERT INTO strapi_permission VALUES(34,'plugins::users-permissions.advanced-settings.update',NULL,NULL,'[]',1,1601456658391,1601456658421);
INSERT INTO strapi_permission VALUES(35,'admin::marketplace.read',NULL,NULL,'[]',1,1601456658491,1601456658537);
INSERT INTO strapi_permission VALUES(36,'admin::marketplace.plugins.install',NULL,NULL,'[]',1,1601456658576,1601456658590);
INSERT INTO strapi_permission VALUES(37,'admin::marketplace.plugins.uninstall',NULL,NULL,'[]',1,1601456658618,1601456658635);
INSERT INTO strapi_permission VALUES(38,'admin::webhooks.create',NULL,NULL,'[]',1,1601456658699,1601456658845);
INSERT INTO strapi_permission VALUES(39,'admin::webhooks.read',NULL,NULL,'[]',1,1601456659127,1601456659155);
INSERT INTO strapi_permission VALUES(40,'admin::webhooks.update',NULL,NULL,'[]',1,1601456659329,1601456659357);
INSERT INTO strapi_permission VALUES(41,'admin::webhooks.delete',NULL,NULL,'[]',1,1601456659383,1601456659392);
INSERT INTO strapi_permission VALUES(42,'admin::users.create',NULL,NULL,'[]',1,1601456659418,1601456659433);
INSERT INTO strapi_permission VALUES(43,'admin::users.read',NULL,NULL,'[]',1,1601456659459,1601456659627);
INSERT INTO strapi_permission VALUES(44,'admin::users.update',NULL,NULL,'[]',1,1601456659672,1601456659693);
INSERT INTO strapi_permission VALUES(45,'admin::users.delete',NULL,NULL,'[]',1,1601456659908,1601456660120);
INSERT INTO strapi_permission VALUES(46,'admin::roles.create',NULL,NULL,'[]',1,1601456660190,1601456660211);
INSERT INTO strapi_permission VALUES(47,'admin::roles.read',NULL,NULL,'[]',1,1601456660440,1601456660639);
INSERT INTO strapi_permission VALUES(48,'admin::roles.update',NULL,NULL,'[]',1,1601456660757,1601456660780);
INSERT INTO strapi_permission VALUES(49,'admin::roles.delete',NULL,NULL,'[]',1,1601456660837,1601456660919);
INSERT INTO strapi_permission VALUES(67,'plugins::content-manager.explorer.create','application::token.token','["name","token","user"]','[]',1,1603193627853,1603193627863);
INSERT INTO strapi_permission VALUES(68,'plugins::content-manager.explorer.read','application::token.token','["name","token","user"]','[]',1,1603193627875,1603193627883);
INSERT INTO strapi_permission VALUES(69,'plugins::content-manager.explorer.update','application::token.token','["name","token","user"]','[]',1,1603193627900,1603193627910);
INSERT INTO strapi_permission VALUES(70,'plugins::content-manager.explorer.delete','application::token.token',NULL,'[]',1,1603193627924,1603193627930);
INSERT INTO strapi_permission VALUES(74,'plugins::content-manager.explorer.delete','application::article.article',NULL,'[]',1,1603262014870,1603262014880);
INSERT INTO strapi_permission VALUES(75,'plugins::content-manager.explorer.publish','application::article.article',NULL,'[]',1,1603262014900,1603262014906);
INSERT INTO strapi_permission VALUES(79,'plugins::content-manager.explorer.delete','application::article.article',NULL,'[]',2,1603262774338,1603262774345);
INSERT INTO strapi_permission VALUES(80,'plugins::content-manager.explorer.publish','application::article.article',NULL,'[]',2,1603262774362,1603262774371);
INSERT INTO strapi_permission VALUES(82,'plugins::content-manager.explorer.create','plugins::users-permissions.user','["username","email","provider","password","resetPasswordToken","confirmed","blocked","role","articles"]','[]',1,1603263361749,1603263361761);
INSERT INTO strapi_permission VALUES(84,'plugins::content-manager.explorer.read','plugins::users-permissions.user','["username","email","provider","password","resetPasswordToken","confirmed","blocked","role","articles"]','[]',1,1603263361795,1603263361803);
INSERT INTO strapi_permission VALUES(86,'plugins::content-manager.explorer.update','plugins::users-permissions.user','["username","email","provider","password","resetPasswordToken","confirmed","blocked","role","articles"]','[]',1,1603263361844,1603263361850);
INSERT INTO strapi_permission VALUES(90,'plugins::content-manager.explorer.create','application::article.article','["author","components","lead","media","slug","title"]','[]',2,1603263921362,1603278437835);
INSERT INTO strapi_permission VALUES(91,'plugins::content-manager.explorer.read','application::article.article','["author","components","lead","media","slug","title"]','[]',2,1603263921402,1603278437882);
INSERT INTO strapi_permission VALUES(92,'plugins::content-manager.explorer.update','application::article.article','["author","components","lead","media","slug","title"]','[]',2,1603263921435,1603278437938);
INSERT INTO strapi_permission VALUES(104,'plugins::content-manager.explorer.delete','application::home.home',NULL,'[]',1,1603347963096,1603347963103);
INSERT INTO strapi_permission VALUES(105,'plugins::content-manager.explorer.publish','application::home.home',NULL,'[]',1,1603347963117,1603347963129);
INSERT INTO strapi_permission VALUES(112,'plugins::content-manager.explorer.delete','application::about.about',NULL,'[]',1,1603348465821,1603348465830);
INSERT INTO strapi_permission VALUES(113,'plugins::content-manager.explorer.publish','application::about.about',NULL,'[]',1,1603348465848,1603348465858);
INSERT INTO strapi_permission VALUES(114,'plugins::content-manager.explorer.create','application::about.about','["components","richtext_md","title"]','[]',2,1603348585681,1603349432002);
INSERT INTO strapi_permission VALUES(115,'plugins::content-manager.explorer.read','application::about.about','["components","richtext_md","title"]','[]',2,1603348585705,1603349432034);
INSERT INTO strapi_permission VALUES(116,'plugins::content-manager.explorer.update','application::about.about','["components","richtext_md","title"]','[]',2,1603348585723,1603349432065);
INSERT INTO strapi_permission VALUES(117,'plugins::content-manager.explorer.delete','application::about.about',NULL,'[]',2,1603348585753,1603348585760);
INSERT INTO strapi_permission VALUES(118,'plugins::content-manager.explorer.publish','application::about.about',NULL,'[]',2,1603348585776,1603348585786);
INSERT INTO strapi_permission VALUES(119,'plugins::content-manager.explorer.create','application::home.home','["components","media","richtext_md"]','[]',2,1603348585801,1603358947075);
INSERT INTO strapi_permission VALUES(120,'plugins::content-manager.explorer.read','application::home.home','["components","media","richtext_md"]','[]',2,1603348585836,1603358947100);
INSERT INTO strapi_permission VALUES(121,'plugins::content-manager.explorer.update','application::home.home','["components","media","richtext_md"]','[]',2,1603348585866,1603358947128);
INSERT INTO strapi_permission VALUES(122,'plugins::content-manager.explorer.delete','application::home.home',NULL,'[]',2,1603348585891,1603348585902);
INSERT INTO strapi_permission VALUES(123,'plugins::content-manager.explorer.publish','application::home.home',NULL,'[]',2,1603348585918,1603348585925);
INSERT INTO strapi_permission VALUES(124,'plugins::content-manager.explorer.create','application::about.about','["title","slug","richtext_md","components"]','[]',1,1603349432349,1603349432358);
INSERT INTO strapi_permission VALUES(125,'plugins::content-manager.explorer.read','application::about.about','["title","slug","richtext_md","components"]','[]',1,1603349432375,1603349432383);
INSERT INTO strapi_permission VALUES(126,'plugins::content-manager.explorer.update','application::about.about','["title","slug","richtext_md","components"]','[]',1,1603349432398,1603349432407);
INSERT INTO strapi_permission VALUES(130,'plugins::content-manager.explorer.create','application::home.home','["title","slug","richtext_md","media","components"]','[]',1,1603358947462,1603358947471);
INSERT INTO strapi_permission VALUES(131,'plugins::content-manager.explorer.read','application::home.home','["title","slug","richtext_md","media","components"]','[]',1,1603358947487,1603358947496);
INSERT INTO strapi_permission VALUES(132,'plugins::content-manager.explorer.update','application::home.home','["title","slug","richtext_md","media","components"]','[]',1,1603358947509,1603358947518);
INSERT INTO strapi_permission VALUES(133,'plugins::content-manager.explorer.create','application::article.article','["title","lead","richtext_md","media","slug","author","components","media_url"]','[]',1,1603361196250,1603361196266);
INSERT INTO strapi_permission VALUES(134,'plugins::content-manager.explorer.read','application::article.article','["title","lead","richtext_md","media","slug","author","components","media_url"]','[]',1,1603361196298,1603361196310);
INSERT INTO strapi_permission VALUES(135,'plugins::content-manager.explorer.update','application::article.article','["title","lead","richtext_md","media","slug","author","components","media_url"]','[]',1,1603361196347,1603361196363);
CREATE TABLE `strapi_role` (`id` integer not null primary key autoincrement, `name` varchar(255) not null, `code` varchar(255) not null, `description` varchar(255) null, `created_at` datetime null default CURRENT_TIMESTAMP, `updated_at` datetime null default CURRENT_TIMESTAMP);
INSERT INTO strapi_role VALUES(1,'Super Admin','strapi-super-admin','Super Admins can access and manage all features and settings.',1601456654431,1601456654431);
INSERT INTO strapi_role VALUES(2,'Editor','strapi-editor','Editors can manage and publish contents including those of other users.',1601456654480,1601456654480);
INSERT INTO strapi_role VALUES(3,'Author','strapi-author','Authors can manage and publish the content they created.',1601456654515,1601456654515);
CREATE TABLE `strapi_administrator` (`id` integer not null primary key autoincrement, `firstname` varchar(255) null, `lastname` varchar(255) null, `username` varchar(255) null, `email` varchar(255) not null, `password` varchar(255) null, `resetPasswordToken` varchar(255) null, `registrationToken` varchar(255) null, `isActive` boolean null, `blocked` boolean null);
INSERT INTO strapi_administrator VALUES(1,'admin','user','admin','admin@email.com','$2a$10$0fOD1VCeZHGS.451piMfBOLsWe6XYfsjgN.3DSKIohLP28y1vPW42',NULL,NULL,1,NULL);
INSERT INTO strapi_administrator VALUES(2,'editor','user','editor','editor@email.com','$2a$10$1zyzY3yGZUoenxwgd0oKD.wHnEoT62AK42ob5QYeZS5u5TH0Ve9tu',NULL,NULL,1,NULL);
CREATE TABLE `strapi_users_roles` (`id` integer not null primary key autoincrement, `user_id` integer null, `role_id` integer null);
INSERT INTO strapi_users_roles VALUES(1,1,1);
INSERT INTO strapi_users_roles VALUES(2,2,2);
CREATE TABLE `upload_file` (`id` integer not null primary key autoincrement, `name` varchar(255) not null, `alternativeText` varchar(255) null, `caption` varchar(255) null, `width` integer null, `height` integer null, `formats` text null, `hash` varchar(255) not null, `ext` varchar(255) null, `mime` varchar(255) not null, `size` float not null, `url` varchar(255) not null, `previewUrl` varchar(255) null, `provider` varchar(255) not null, `provider_metadata` text null, `created_by` integer null, `updated_by` integer null, `created_at` datetime null default CURRENT_TIMESTAMP, `updated_at` datetime null default CURRENT_TIMESTAMP);
INSERT INTO upload_file VALUES(8,'IMG_3079.JPG','','',6204,3826,'{"thumbnail":{"name":"thumbnail_IMG_3079.JPG","hash":"thumbnail_IMG_3079_b124f145d4","ext":".JPG","mime":"image/jpeg","width":245,"height":151,"size":8.52,"path":null,"url":"/uploads/thumbnail_IMG_3079_b124f145d4.JPG"},"large":{"name":"large_IMG_3079.JPG","hash":"large_IMG_3079_b124f145d4","ext":".JPG","mime":"image/jpeg","width":1000,"height":617,"size":106.52,"path":null,"url":"/uploads/large_IMG_3079_b124f145d4.JPG"},"medium":{"name":"medium_IMG_3079.JPG","hash":"medium_IMG_3079_b124f145d4","ext":".JPG","mime":"image/jpeg","width":750,"height":463,"size":59.34,"path":null,"url":"/uploads/medium_IMG_3079_b124f145d4.JPG"},"small":{"name":"small_IMG_3079.JPG","hash":"small_IMG_3079_b124f145d4","ext":".JPG","mime":"image/jpeg","width":500,"height":308,"size":29.02,"path":null,"url":"/uploads/small_IMG_3079_b124f145d4.JPG"}}','IMG_3079_b124f145d4','.JPG','image/jpeg',3993.0599999999999453,'/uploads/IMG_3079_b124f145d4.JPG',NULL,'local',NULL,2,2,1603265394236,1603265394270);
INSERT INTO upload_file VALUES(9,'IMG_3460.jpg','','',5272,3948,'{"thumbnail":{"name":"thumbnail_IMG_3460.jpg","hash":"thumbnail_IMG_3460_da1431cf64","ext":".jpg","mime":"image/jpeg","width":208,"height":156,"size":10.24,"path":null,"url":"/uploads/thumbnail_IMG_3460_da1431cf64.jpg"},"large":{"name":"large_IMG_3460.jpg","hash":"large_IMG_3460_da1431cf64","ext":".jpg","mime":"image/jpeg","width":1000,"height":749,"size":177.64,"path":null,"url":"/uploads/large_IMG_3460_da1431cf64.jpg"},"medium":{"name":"medium_IMG_3460.jpg","hash":"medium_IMG_3460_da1431cf64","ext":".jpg","mime":"image/jpeg","width":750,"height":562,"size":104.15,"path":null,"url":"/uploads/medium_IMG_3460_da1431cf64.jpg"},"small":{"name":"small_IMG_3460.jpg","hash":"small_IMG_3460_da1431cf64","ext":".jpg","mime":"image/jpeg","width":500,"height":374,"size":48.02,"path":null,"url":"/uploads/small_IMG_3460_da1431cf64.jpg"}}','IMG_3460_da1431cf64','.jpg','image/jpeg',4023.5700000000001637,'/uploads/IMG_3460_da1431cf64.jpg',NULL,'local',NULL,2,2,1603265451693,1603265451714);
CREATE TABLE `upload_file_morph` (`id` integer not null primary key autoincrement, `upload_file_id` integer null, `related_id` integer null, `related_type` text null, `field` text null, `order` integer null);
CREATE TABLE `users-permissions_permission` (`id` integer not null primary key autoincrement, `type` varchar(255) not null, `controller` varchar(255) not null, `action` varchar(255) not null, `enabled` boolean not null, `policy` varchar(255) null, `role` integer null, `created_by` integer null, `updated_by` integer null);
INSERT INTO "users-permissions_permission" VALUES(1,'content-manager','components','findcomponent',0,'',1,NULL,NULL);
INSERT INTO "users-permissions_permission" VALUES(2,'content-manager','components','findcomponent',0,'',2,NULL,NULL);
INSERT INTO "users-permissions_permission" VALUES(3,'content-manager','components','listcomponents',0,'',1,NULL,NULL);
INSERT INTO "users-permissions_permission" VALUES(4,'content-manager','components','listcomponents',0,'',2,NULL,NULL);
INSERT INTO "users-permissions_permission" VALUES(5,'content-manager','components','updatecomponent',0,'',1,NULL,NULL);
INSERT INTO "users-permissions_permission" VALUES(6,'content-manager','components','updatecomponent',0,'',2,NULL,NULL);
INSERT INTO "users-permissions_permission" VALUES(7,'content-manager','contentmanager','checkuidavailability',0,'',1,NULL,NULL);
INSERT INTO "users-permissions_permission" VALUES(8,'content-manager','contentmanager','checkuidavailability',0,'',2,NULL,NULL);
INSERT INTO "users-permissions_permission" VALUES(9,'content-manager','contentmanager','count',0,'',1,NULL,NULL);
INSERT INTO "users-permissions_permission" VALUES(10,'content-manager','contentmanager','count',0,'',2,NULL,NULL);
INSERT INTO "users-permissions_permission" VALUES(11,'content-manager','contentmanager','create',0,'',1,NULL,NULL);
INSERT INTO "users-permissions_permission" VALUES(12,'content-manager','contentmanager','create',0,'',2,NULL,NULL);
INSERT INTO "users-permissions_permission" VALUES(13,'content-manager','contentmanager','delete',0,'',1,NULL,NULL);
INSERT INTO "users-permissions_permission" VALUES(14,'content-manager','contentmanager','delete',0,'',2,NULL,NULL);
INSERT INTO "users-permissions_permission" VALUES(15,'content-manager','contentmanager','deletemany',0,'',1,NULL,NULL);
INSERT INTO "users-permissions_permission" VALUES(16,'content-manager','contentmanager','deletemany',0,'',2,NULL,NULL);
INSERT INTO "users-permissions_permission" VALUES(17,'content-manager','contentmanager','find',0,'',1,NULL,NULL);
INSERT INTO "users-permissions_permission" VALUES(18,'content-manager','contentmanager','find',0,'',2,NULL,NULL);
INSERT INTO "users-permissions_permission" VALUES(19,'content-manager','contentmanager','findone',0,'',1,NULL,NULL);
INSERT INTO "users-permissions_permission" VALUES(20,'content-manager','contentmanager','findone',0,'',2,NULL,NULL);
INSERT INTO "users-permissions_permission" VALUES(21,'content-manager','contentmanager','findrelationlist',0,'',1,NULL,NULL);
INSERT INTO "users-permissions_permission" VALUES(22,'content-manager','contentmanager','findrelationlist',0,'',2,NULL,NULL);
INSERT INTO "users-permissions_permission" VALUES(23,'content-manager','contentmanager','generateuid',0,'',1,NULL,NULL);
INSERT INTO "users-permissions_permission" VALUES(24,'content-manager','contentmanager','generateuid',0,'',2,NULL,NULL);
INSERT INTO "users-permissions_permission" VALUES(25,'content-manager','contentmanager','update',0,'',1,NULL,NULL);
INSERT INTO "users-permissions_permission" VALUES(26,'content-manager','contentmanager','update',0,'',2,NULL,NULL);
INSERT INTO "users-permissions_permission" VALUES(27,'content-manager','contenttypes','findcontenttype',0,'',1,NULL,NULL);
INSERT INTO "users-permissions_permission" VALUES(28,'content-manager','contenttypes','findcontenttype',0,'',2,NULL,NULL);
INSERT INTO "users-permissions_permission" VALUES(29,'content-manager','contenttypes','listcontenttypes',0,'',1,NULL,NULL);
INSERT INTO "users-permissions_permission" VALUES(30,'content-manager','contenttypes','listcontenttypes',0,'',2,NULL,NULL);
INSERT INTO "users-permissions_permission" VALUES(31,'content-manager','contenttypes','updatecontenttype',0,'',1,NULL,NULL);
INSERT INTO "users-permissions_permission" VALUES(32,'content-manager','contenttypes','updatecontenttype',0,'',2,NULL,NULL);
INSERT INTO "users-permissions_permission" VALUES(33,'content-type-builder','builder','getreservednames',0,'',1,NULL,NULL);
INSERT INTO "users-permissions_permission" VALUES(34,'content-type-builder','builder','getreservednames',0,'',2,NULL,NULL);
INSERT INTO "users-permissions_permission" VALUES(35,'content-type-builder','componentcategories','deletecategory',0,'',1,NULL,NULL);
INSERT INTO "users-permissions_permission" VALUES(36,'content-type-builder','componentcategories','deletecategory',0,'',2,NULL,NULL);
INSERT INTO "users-permissions_permission" VALUES(37,'content-type-builder','componentcategories','editcategory',0,'',1,NULL,NULL);
INSERT INTO "users-permissions_permission" VALUES(38,'content-type-builder','componentcategories','editcategory',0,'',2,NULL,NULL);
INSERT INTO "users-permissions_permission" VALUES(39,'content-type-builder','components','createcomponent',0,'',1,NULL,NULL);
INSERT INTO "users-permissions_permission" VALUES(40,'content-type-builder','components','createcomponent',0,'',2,NULL,NULL);
INSERT INTO "users-permissions_permission" VALUES(41,'content-type-builder','components','deletecomponent',0,'',1,NULL,NULL);
INSERT INTO "users-permissions_permission" VALUES(42,'content-type-builder','components','deletecomponent',0,'',2,NULL,NULL);
INSERT INTO "users-permissions_permission" VALUES(43,'content-type-builder','components','getcomponent',0,'',1,NULL,NULL);
INSERT INTO "users-permissions_permission" VALUES(44,'content-type-builder','components','getcomponent',0,'',2,NULL,NULL);
INSERT INTO "users-permissions_permission" VALUES(45,'content-type-builder','components','getcomponents',0,'',1,NULL,NULL);
INSERT INTO "users-permissions_permission" VALUES(46,'content-type-builder','components','getcomponents',0,'',2,NULL,NULL);
INSERT INTO "users-permissions_permission" VALUES(47,'content-type-builder','components','updatecomponent',0,'',1,NULL,NULL);
INSERT INTO "users-permissions_permission" VALUES(48,'content-type-builder','components','updatecomponent',0,'',2,NULL,NULL);
INSERT INTO "users-permissions_permission" VALUES(49,'content-type-builder','connections','getconnections',0,'',1,NULL,NULL);
INSERT INTO "users-permissions_permission" VALUES(50,'content-type-builder','connections','getconnections',0,'',2,NULL,NULL);
INSERT INTO "users-permissions_permission" VALUES(51,'content-type-builder','contenttypes','createcontenttype',0,'',1,NULL,NULL);
INSERT INTO "users-permissions_permission" VALUES(52,'content-type-builder','contenttypes','createcontenttype',0,'',2,NULL,NULL);
INSERT INTO "users-permissions_permission" VALUES(53,'content-type-builder','contenttypes','deletecontenttype',0,'',1,NULL,NULL);
INSERT INTO "users-permissions_permission" VALUES(54,'content-type-builder','contenttypes','deletecontenttype',0,'',2,NULL,NULL);
INSERT INTO "users-permissions_permission" VALUES(55,'content-type-builder','contenttypes','getcontenttype',0,'',1,NULL,NULL);
INSERT INTO "users-permissions_permission" VALUES(56,'content-type-builder','contenttypes','getcontenttype',0,'',2,NULL,NULL);
INSERT INTO "users-permissions_permission" VALUES(57,'content-type-builder','contenttypes','getcontenttypes',0,'',1,NULL,NULL);
INSERT INTO "users-permissions_permission" VALUES(58,'content-type-builder','contenttypes','getcontenttypes',0,'',2,NULL,NULL);
INSERT INTO "users-permissions_permission" VALUES(59,'content-type-builder','contenttypes','updatecontenttype',0,'',1,NULL,NULL);
INSERT INTO "users-permissions_permission" VALUES(60,'content-type-builder','contenttypes','updatecontenttype',0,'',2,NULL,NULL);
INSERT INTO "users-permissions_permission" VALUES(61,'email','email','send',0,'',1,NULL,NULL);
INSERT INTO "users-permissions_permission" VALUES(62,'email','email','send',0,'',2,NULL,NULL);
INSERT INTO "users-permissions_permission" VALUES(63,'upload','proxy','uploadproxy',0,'',1,NULL,NULL);
INSERT INTO "users-permissions_permission" VALUES(64,'upload','proxy','uploadproxy',0,'',2,NULL,NULL);
INSERT INTO "users-permissions_permission" VALUES(65,'upload','upload','count',0,'',1,NULL,NULL);
INSERT INTO "users-permissions_permission" VALUES(66,'upload','upload','count',0,'',2,NULL,NULL);
INSERT INTO "users-permissions_permission" VALUES(67,'upload','upload','destroy',0,'',1,NULL,NULL);
INSERT INTO "users-permissions_permission" VALUES(68,'upload','upload','destroy',0,'',2,NULL,NULL);
INSERT INTO "users-permissions_permission" VALUES(69,'upload','upload','find',0,'',1,NULL,NULL);
INSERT INTO "users-permissions_permission" VALUES(70,'upload','upload','find',0,'',2,NULL,NULL);
INSERT INTO "users-permissions_permission" VALUES(71,'upload','upload','findone',0,'',1,NULL,NULL);
INSERT INTO "users-permissions_permission" VALUES(72,'upload','upload','findone',0,'',2,NULL,NULL);
INSERT INTO "users-permissions_permission" VALUES(73,'upload','upload','getsettings',0,'',1,NULL,NULL);
INSERT INTO "users-permissions_permission" VALUES(74,'upload','upload','getsettings',0,'',2,NULL,NULL);
INSERT INTO "users-permissions_permission" VALUES(75,'upload','upload','search',0,'',1,NULL,NULL);
INSERT INTO "users-permissions_permission" VALUES(76,'upload','upload','search',0,'',2,NULL,NULL);
INSERT INTO "users-permissions_permission" VALUES(77,'upload','upload','updatesettings',0,'',1,NULL,NULL);
INSERT INTO "users-permissions_permission" VALUES(78,'upload','upload','updatesettings',0,'',2,NULL,NULL);
INSERT INTO "users-permissions_permission" VALUES(79,'upload','upload','upload',0,'',1,NULL,NULL);
INSERT INTO "users-permissions_permission" VALUES(80,'upload','upload','upload',0,'',2,NULL,NULL);
INSERT INTO "users-permissions_permission" VALUES(81,'users-permissions','auth','callback',0,'',1,NULL,NULL);
INSERT INTO "users-permissions_permission" VALUES(82,'users-permissions','auth','callback',1,'',2,NULL,NULL);
INSERT INTO "users-permissions_permission" VALUES(83,'users-permissions','auth','connect',1,'',1,NULL,NULL);
INSERT INTO "users-permissions_permission" VALUES(84,'users-permissions','auth','connect',1,'',2,NULL,NULL);
INSERT INTO "users-permissions_permission" VALUES(85,'users-permissions','auth','emailconfirmation',0,'',1,NULL,NULL);
INSERT INTO "users-permissions_permission" VALUES(86,'users-permissions','auth','emailconfirmation',1,'',2,NULL,NULL);
INSERT INTO "users-permissions_permission" VALUES(87,'users-permissions','auth','forgotpassword',0,'',1,NULL,NULL);
INSERT INTO "users-permissions_permission" VALUES(88,'users-permissions','auth','forgotpassword',1,'',2,NULL,NULL);
INSERT INTO "users-permissions_permission" VALUES(89,'users-permissions','auth','register',0,'',1,NULL,NULL);
INSERT INTO "users-permissions_permission" VALUES(90,'users-permissions','auth','register',1,'',2,NULL,NULL);
INSERT INTO "users-permissions_permission" VALUES(91,'users-permissions','auth','resetpassword',0,'',1,NULL,NULL);
INSERT INTO "users-permissions_permission" VALUES(92,'users-permissions','auth','resetpassword',1,'',2,NULL,NULL);
INSERT INTO "users-permissions_permission" VALUES(93,'users-permissions','auth','sendemailconfirmation',0,'',1,NULL,NULL);
INSERT INTO "users-permissions_permission" VALUES(94,'users-permissions','auth','sendemailconfirmation',0,'',2,NULL,NULL);
INSERT INTO "users-permissions_permission" VALUES(95,'users-permissions','user','count',0,'',1,NULL,NULL);
INSERT INTO "users-permissions_permission" VALUES(96,'users-permissions','user','count',0,'',2,NULL,NULL);
INSERT INTO "users-permissions_permission" VALUES(97,'users-permissions','user','create',0,'',1,NULL,NULL);
INSERT INTO "users-permissions_permission" VALUES(98,'users-permissions','user','create',0,'',2,NULL,NULL);
INSERT INTO "users-permissions_permission" VALUES(99,'users-permissions','user','destroy',0,'',1,NULL,NULL);
INSERT INTO "users-permissions_permission" VALUES(100,'users-permissions','user','destroy',0,'',2,NULL,NULL);
INSERT INTO "users-permissions_permission" VALUES(101,'users-permissions','user','destroyall',0,'',1,NULL,NULL);
INSERT INTO "users-permissions_permission" VALUES(102,'users-permissions','user','destroyall',0,'',2,NULL,NULL);
INSERT INTO "users-permissions_permission" VALUES(103,'users-permissions','user','find',0,'',1,NULL,NULL);
INSERT INTO "users-permissions_permission" VALUES(104,'users-permissions','user','find',0,'',2,NULL,NULL);
INSERT INTO "users-permissions_permission" VALUES(105,'users-permissions','user','findone',0,'',1,NULL,NULL);
INSERT INTO "users-permissions_permission" VALUES(106,'users-permissions','user','findone',0,'',2,NULL,NULL);
INSERT INTO "users-permissions_permission" VALUES(107,'users-permissions','user','me',1,'',1,NULL,NULL);
INSERT INTO "users-permissions_permission" VALUES(108,'users-permissions','user','me',1,'',2,NULL,NULL);
INSERT INTO "users-permissions_permission" VALUES(109,'users-permissions','user','update',0,'',1,NULL,NULL);
INSERT INTO "users-permissions_permission" VALUES(110,'users-permissions','user','update',0,'',2,NULL,NULL);
INSERT INTO "users-permissions_permission" VALUES(111,'users-permissions','userspermissions','createrole',0,'',1,NULL,NULL);
INSERT INTO "users-permissions_permission" VALUES(112,'users-permissions','userspermissions','createrole',0,'',2,NULL,NULL);
INSERT INTO "users-permissions_permission" VALUES(113,'users-permissions','userspermissions','deleterole',0,'',1,NULL,NULL);
INSERT INTO "users-permissions_permission" VALUES(114,'users-permissions','userspermissions','deleterole',0,'',2,NULL,NULL);
INSERT INTO "users-permissions_permission" VALUES(115,'users-permissions','userspermissions','getadvancedsettings',0,'',1,NULL,NULL);
INSERT INTO "users-permissions_permission" VALUES(116,'users-permissions','userspermissions','getadvancedsettings',0,'',2,NULL,NULL);
INSERT INTO "users-permissions_permission" VALUES(117,'users-permissions','userspermissions','getemailtemplate',0,'',1,NULL,NULL);
INSERT INTO "users-permissions_permission" VALUES(118,'users-permissions','userspermissions','getemailtemplate',0,'',2,NULL,NULL);
INSERT INTO "users-permissions_permission" VALUES(119,'users-permissions','userspermissions','getpermissions',0,'',1,NULL,NULL);
INSERT INTO "users-permissions_permission" VALUES(120,'users-permissions','userspermissions','getpermissions',0,'',2,NULL,NULL);
INSERT INTO "users-permissions_permission" VALUES(121,'users-permissions','userspermissions','getpolicies',0,'',1,NULL,NULL);
INSERT INTO "users-permissions_permission" VALUES(122,'users-permissions','userspermissions','getpolicies',0,'',2,NULL,NULL);
INSERT INTO "users-permissions_permission" VALUES(123,'users-permissions','userspermissions','getproviders',0,'',1,NULL,NULL);
INSERT INTO "users-permissions_permission" VALUES(124,'users-permissions','userspermissions','getproviders',0,'',2,NULL,NULL);
INSERT INTO "users-permissions_permission" VALUES(125,'users-permissions','userspermissions','getrole',0,'',1,NULL,NULL);
INSERT INTO "users-permissions_permission" VALUES(126,'users-permissions','userspermissions','getrole',0,'',2,NULL,NULL);
INSERT INTO "users-permissions_permission" VALUES(127,'users-permissions','userspermissions','getroles',0,'',1,NULL,NULL);
INSERT INTO "users-permissions_permission" VALUES(128,'users-permissions','userspermissions','getroles',0,'',2,NULL,NULL);
INSERT INTO "users-permissions_permission" VALUES(129,'users-permissions','userspermissions','getroutes',0,'',1,NULL,NULL);
INSERT INTO "users-permissions_permission" VALUES(130,'users-permissions','userspermissions','getroutes',0,'',2,NULL,NULL);
INSERT INTO "users-permissions_permission" VALUES(131,'users-permissions','userspermissions','index',0,'',1,NULL,NULL);
INSERT INTO "users-permissions_permission" VALUES(132,'users-permissions','userspermissions','index',0,'',2,NULL,NULL);
INSERT INTO "users-permissions_permission" VALUES(133,'users-permissions','userspermissions','searchusers',0,'',1,NULL,NULL);
INSERT INTO "users-permissions_permission" VALUES(134,'users-permissions','userspermissions','searchusers',0,'',2,NULL,NULL);
INSERT INTO "users-permissions_permission" VALUES(135,'users-permissions','userspermissions','updateadvancedsettings',0,'',1,NULL,NULL);
INSERT INTO "users-permissions_permission" VALUES(136,'users-permissions','userspermissions','updateadvancedsettings',0,'',2,NULL,NULL);
INSERT INTO "users-permissions_permission" VALUES(137,'users-permissions','userspermissions','updateemailtemplate',0,'',1,NULL,NULL);
INSERT INTO "users-permissions_permission" VALUES(138,'users-permissions','userspermissions','updateemailtemplate',0,'',2,NULL,NULL);
INSERT INTO "users-permissions_permission" VALUES(139,'users-permissions','userspermissions','updateproviders',0,'',1,NULL,NULL);
INSERT INTO "users-permissions_permission" VALUES(140,'users-permissions','userspermissions','updateproviders',0,'',2,NULL,NULL);
INSERT INTO "users-permissions_permission" VALUES(141,'users-permissions','userspermissions','updaterole',0,'',1,NULL,NULL);
INSERT INTO "users-permissions_permission" VALUES(142,'users-permissions','userspermissions','updaterole',0,'',2,NULL,NULL);
INSERT INTO "users-permissions_permission" VALUES(155,'content-manager','contentmanager','publish',0,'',1,NULL,NULL);
INSERT INTO "users-permissions_permission" VALUES(156,'content-manager','contentmanager','publish',0,'',2,NULL,NULL);
INSERT INTO "users-permissions_permission" VALUES(157,'content-manager','contentmanager','unpublish',0,'',1,NULL,NULL);
INSERT INTO "users-permissions_permission" VALUES(158,'content-manager','contentmanager','unpublish',0,'',2,NULL,NULL);
INSERT INTO "users-permissions_permission" VALUES(159,'application','token','count',0,'',1,NULL,NULL);
INSERT INTO "users-permissions_permission" VALUES(160,'application','token','count',0,'',2,NULL,NULL);
INSERT INTO "users-permissions_permission" VALUES(161,'application','token','create',0,'',1,NULL,NULL);
INSERT INTO "users-permissions_permission" VALUES(162,'application','token','create',0,'',2,NULL,NULL);
INSERT INTO "users-permissions_permission" VALUES(163,'application','token','delete',0,'',1,NULL,NULL);
INSERT INTO "users-permissions_permission" VALUES(164,'application','token','delete',0,'',2,NULL,NULL);
INSERT INTO "users-permissions_permission" VALUES(165,'application','token','find',0,'',1,NULL,NULL);
INSERT INTO "users-permissions_permission" VALUES(166,'application','token','find',0,'',2,NULL,NULL);
INSERT INTO "users-permissions_permission" VALUES(167,'application','token','findone',0,'',1,NULL,NULL);
INSERT INTO "users-permissions_permission" VALUES(168,'application','token','findone',0,'',2,NULL,NULL);
INSERT INTO "users-permissions_permission" VALUES(169,'application','token','update',0,'',1,NULL,NULL);
INSERT INTO "users-permissions_permission" VALUES(170,'application','token','update',0,'',2,NULL,NULL);
INSERT INTO "users-permissions_permission" VALUES(171,'application','article','count',1,'',1,NULL,NULL);
INSERT INTO "users-permissions_permission" VALUES(172,'application','article','count',0,'',2,NULL,NULL);
INSERT INTO "users-permissions_permission" VALUES(173,'application','article','create',0,'',1,NULL,NULL);
INSERT INTO "users-permissions_permission" VALUES(174,'application','article','create',0,'',2,NULL,NULL);
INSERT INTO "users-permissions_permission" VALUES(175,'application','article','delete',0,'',1,NULL,NULL);
INSERT INTO "users-permissions_permission" VALUES(176,'application','article','delete',0,'',2,NULL,NULL);
INSERT INTO "users-permissions_permission" VALUES(177,'application','article','find',1,'',1,NULL,NULL);
INSERT INTO "users-permissions_permission" VALUES(178,'application','article','find',0,'',2,NULL,NULL);
INSERT INTO "users-permissions_permission" VALUES(179,'application','article','findone',1,'',1,NULL,NULL);
INSERT INTO "users-permissions_permission" VALUES(180,'application','article','findone',0,'',2,NULL,NULL);
INSERT INTO "users-permissions_permission" VALUES(181,'application','article','update',0,'',1,NULL,NULL);
INSERT INTO "users-permissions_permission" VALUES(182,'application','article','update',0,'',2,NULL,NULL);
INSERT INTO "users-permissions_permission" VALUES(195,'application','home','delete',0,'',1,NULL,NULL);
INSERT INTO "users-permissions_permission" VALUES(196,'application','home','delete',0,'',2,NULL,NULL);
INSERT INTO "users-permissions_permission" VALUES(197,'application','home','find',1,'',1,NULL,NULL);
INSERT INTO "users-permissions_permission" VALUES(198,'application','home','find',0,'',2,NULL,NULL);
INSERT INTO "users-permissions_permission" VALUES(199,'application','home','update',0,'',1,NULL,NULL);
INSERT INTO "users-permissions_permission" VALUES(200,'application','home','update',0,'',2,NULL,NULL);
INSERT INTO "users-permissions_permission" VALUES(201,'application','about','delete',0,'',1,NULL,NULL);
INSERT INTO "users-permissions_permission" VALUES(202,'application','about','delete',0,'',2,NULL,NULL);
INSERT INTO "users-permissions_permission" VALUES(203,'application','about','find',1,'',1,NULL,NULL);
INSERT INTO "users-permissions_permission" VALUES(204,'application','about','find',0,'',2,NULL,NULL);
INSERT INTO "users-permissions_permission" VALUES(205,'application','about','update',0,'',1,NULL,NULL);
INSERT INTO "users-permissions_permission" VALUES(206,'application','about','update',0,'',2,NULL,NULL);
CREATE TABLE `users-permissions_role` (`id` integer not null primary key autoincrement, `name` varchar(255) not null, `description` varchar(255) null, `type` varchar(255) null, `created_by` integer null, `updated_by` integer null);
INSERT INTO "users-permissions_role" VALUES(1,'Authenticated','Default role given to authenticated user.','authenticated',NULL,NULL);
INSERT INTO "users-permissions_role" VALUES(2,'Public','Default role given to unauthenticated user.','public',NULL,NULL);
CREATE TABLE `posts_components` (`id` integer not null primary key autoincrement, `field` varchar(255) not null, `order` integer not null, `component_type` varchar(255) not null, `component_id` integer not null, `post_id` integer not null, constraint `post_id_fk` foreign key(`post_id`) references "tmp_posts"(`id`) on delete CASCADE);
INSERT INTO posts_components VALUES(7,'Components',2,'components_teaser_teaser_medias',8,1);
INSERT INTO posts_components VALUES(8,'Components',1,'components_teaser_teaser_medias',7,1);
INSERT INTO posts_components VALUES(10,'Components',1,'components_teaser_teaser_medias',10,4);
CREATE TABLE `tokens` (`id` integer not null primary key autoincrement, `name` varchar(255) null, `token` varchar(255) null, `user` integer null, `created_by` integer null, `updated_by` integer null, `created_at` datetime null default CURRENT_TIMESTAMP, `updated_at` datetime null default CURRENT_TIMESTAMP);
CREATE TABLE `article` (`id` integer not null primary key autoincrement, `title` varchar(255), `lead` text null, `content` text null, `author` integer null, `slug` varchar(255), `published_at` datetime null, `created_by` integer null, `updated_by` integer null, `created_at` datetime null default CURRENT_TIMESTAMP, `updated_at` datetime null default CURRENT_TIMESTAMP);
CREATE TABLE `article_components` (`id` integer not null primary key autoincrement, `field` varchar(255) not null, `order` integer not null, `component_type` varchar(255) not null, `component_id` integer not null, `article_id` integer not null, constraint `article_id_fk` foreign key(`article_id`) references `article`(`id`) on delete CASCADE);
CREATE TABLE `post` (`id` integer not null primary key autoincrement, `title` varchar(255), `lead` text null, `content` text null, `author` integer null, `slug` varchar(255), `published_at` datetime null, `created_by` integer null, `updated_by` integer null, `created_at` datetime null default CURRENT_TIMESTAMP, `updated_at` datetime null default CURRENT_TIMESTAMP);
CREATE TABLE `post_components` (`id` integer not null primary key autoincrement, `field` varchar(255) not null, `order` integer not null, `component_type` varchar(255) not null, `component_id` integer not null, `post_id` integer not null, constraint `post_id_fk` foreign key(`post_id`) references `post`(`id`) on delete CASCADE);
CREATE TABLE `users-permissions_user` (`id` integer not null primary key autoincrement, `username` varchar(255) not null, `email` varchar(255) not null, `provider` varchar(255) null, `password` varchar(255) null, `resetPasswordToken` varchar(255) null, `confirmed` boolean null, `blocked` boolean null, `role` integer null, `created_by` integer null, `updated_by` integer null, `created_at` datetime null default CURRENT_TIMESTAMP, `updated_at` datetime null default CURRENT_TIMESTAMP);
INSERT INTO "users-permissions_user" VALUES(2,'editor','editor@email.com','local','$2a$10$wBZMhS0jlSnMPTlYAgSBIu7cJ6N8RuYJu6uGKJ8v4gKfB0fy0U2sS',NULL,1,0,1,1,1,1601478084383,1603360383838);
CREATE TABLE `articles_components` (`id` integer not null primary key autoincrement, `field` varchar(255) not null, `order` integer not null, `component_type` varchar(255) not null, `component_id` integer not null, `article_id` integer not null, constraint `article_id_fk` foreign key(`article_id`) references "tmp_articles"(`id`) on delete CASCADE);
INSERT INTO articles_components VALUES(10,'components',1,'components_teaser_teaser_medias',12,3);
INSERT INTO articles_components VALUES(11,'components',2,'components_teaser_teaser_texts',1,3);
CREATE TABLE `posts` (`id` integer not null primary key autoincrement, `published_at` datetime null, `created_by` integer null, `updated_by` integer null, `created_at` datetime null default CURRENT_TIMESTAMP, `updated_at` datetime null default CURRENT_TIMESTAMP);
CREATE TABLE `homes_components` (`id` integer not null primary key autoincrement, `field` varchar(255) not null, `order` integer not null, `component_type` varchar(255) not null, `component_id` integer not null, `home_id` integer not null, constraint `home_id_fk` foreign key(`home_id`) references "tmp_homes"(`id`) on delete CASCADE);
CREATE TABLE `abouts_components` (`id` integer not null primary key autoincrement, `field` varchar(255) not null, `order` integer not null, `component_type` varchar(255) not null, `component_id` integer not null, `about_id` integer not null, constraint `about_id_fk` foreign key(`about_id`) references "tmp_abouts"(`id`) on delete CASCADE);
INSERT INTO abouts_components VALUES(1,'components',1,'components_teaser_teaser_medias',13,1);
CREATE TABLE `abouts` (`id` integer not null primary key autoincrement, `title` varchar(255) null, `slug` varchar(255) null, `richtext_md` text null, `published_at` datetime null, `created_by` integer null, `updated_by` integer null, `created_at` datetime null default CURRENT_TIMESTAMP, `updated_at` datetime null default CURRENT_TIMESTAMP);
INSERT INTO abouts VALUES(1,'About','about','Super cool about page fetched from Strapi.',NULL,1,1,1603350924433,1604398198374);
CREATE TABLE `homes` (`id` integer not null primary key autoincrement, `title` varchar(255) null, `slug` varchar(255) null, `richtext_md` text null, `published_at` datetime null, `created_by` integer null, `updated_by` integer null, `created_at` datetime null default CURRENT_TIMESTAMP, `updated_at` datetime null default CURRENT_TIMESTAMP);
INSERT INTO homes VALUES(1,'Welcome to Svestra!','home','Much wow! Such content.',NULL,1,1,1603358260741,1603359323392);
CREATE TABLE `components_teaser_teaser_medias_components` (`id` integer not null primary key autoincrement, `field` varchar(255) not null, `order` integer not null, `component_type` varchar(255) not null, `component_id` integer not null, `components_teaser_teaser_media_id` integer not null, constraint `components_teaser_teaser_media_id_fk` foreign key(`components_teaser_teaser_media_id`) references "tmp_components_teaser_teaser_medias"(`id`) on delete CASCADE);
INSERT INTO components_teaser_teaser_medias_components VALUES(4,'Link',1,'components_general_link_relations',11,12);
INSERT INTO components_teaser_teaser_medias_components VALUES(5,'Link',1,'components_general_link_relations',12,13);
INSERT INTO components_teaser_teaser_medias_components VALUES(6,'components',1,'components_general_link_relations',13,12);
CREATE TABLE `components_teaser_teaser_texts_components` (`id` integer not null primary key autoincrement, `field` varchar(255) not null, `order` integer not null, `component_type` varchar(255) not null, `component_id` integer not null, `components_teaser_teaser_text_id` integer not null, constraint `components_teaser_teaser_text_id_fk` foreign key(`components_teaser_teaser_text_id`) references "tmp_components_teaser_teaser_texts"(`id`) on delete CASCADE);
CREATE TABLE `components_general_link_relations` (`id` integer not null primary key autoincrement, `Link_to_article` integer null, `Link_to_page` varchar(255) null);
INSERT INTO components_general_link_relations VALUES(11,1,NULL);
INSERT INTO components_general_link_relations VALUES(12,3,NULL);
INSERT INTO components_general_link_relations VALUES(13,1,NULL);
CREATE TABLE `components_teaser_teaser_medias` (`id` integer not null primary key autoincrement, `Title` varchar(255) null, `Media_url` varchar(255) null, `Label` varchar(255) null, `Lead` varchar(255) null);
INSERT INTO components_teaser_teaser_medias VALUES(7,'Teaser 1',NULL,'Cool stuff','Yooo');
INSERT INTO components_teaser_teaser_medias VALUES(8,'Teaser 2',NULL,'Another cool teaser','This is super cool!');
INSERT INTO components_teaser_teaser_medias VALUES(10,NULL,NULL,NULL,NULL);
INSERT INTO components_teaser_teaser_medias VALUES(12,'Halloooo',NULL,'such a cool label',NULL);
INSERT INTO components_teaser_teaser_medias VALUES(13,'Such a cool teaser',NULL,'much wow',NULL);
CREATE TABLE `components_teaser_teaser_texts` (`id` integer not null primary key autoincrement, `Title` varchar(255) null, `Lead` varchar(255) null, `Date` date null);
INSERT INTO components_teaser_teaser_texts VALUES(1,'Salüüüüü','yoyoyoyo','2020-11-11');
CREATE TABLE `articles` (`id` integer not null primary key autoincrement, `title` varchar(255) null, `lead` text null, `richtext_md` text null, `media_url` varchar(255) null, `slug` varchar(255), `author` integer null, `published_at` datetime null, `created_by` integer null, `updated_by` integer null, `created_at` datetime null default CURRENT_TIMESTAMP, `updated_at` datetime null default CURRENT_TIMESTAMP);
INSERT INTO articles VALUES(1,'Test article with tons of markdown','This is a super cool lead text.',replace('# <a name="top"></a>Markdown Test Page\n\n* [Headings](#Headings)\n* [Paragraphs](#Paragraphs)\n* [Blockquotes](#Blockquotes)\n* [Lists](#Lists)\n* [Horizontal rule](#Horizontal)\n* [Table](#Table)\n* [Code](#Code)\n* [Inline elements](#Inline)\n\n***\n\n# <a name="Headings"></a>Headings\n\n# Heading one\n\nSint sit cillum pariatur eiusmod nulla pariatur ipsum. Sit laborum anim qui mollit tempor pariatur nisi minim dolor. Aliquip et adipisicing sit sit fugiat commodo id sunt. Nostrud enim ad commodo incididunt cupidatat in ullamco ullamco Lorem cupidatat velit enim et Lorem. Ut laborum cillum laboris fugiat culpa sint irure do reprehenderit culpa occaecat. Exercitation esse mollit tempor magna aliqua in occaecat aliquip veniam reprehenderit nisi dolor in laboris dolore velit.\n\n## Heading two\n\nAute officia nulla deserunt do deserunt cillum velit magna. Officia veniam culpa anim minim dolore labore pariatur voluptate id ad est duis quis velit dolor pariatur enim. Incididunt enim excepteur do veniam consequat culpa do voluptate dolor fugiat ad adipisicing sit. Labore officia est adipisicing dolore proident eiusmod exercitation deserunt ullamco anim do occaecat velit. Elit dolor consectetur proident sunt aliquip est do tempor quis aliqua culpa aute. Duis in tempor exercitation pariatur et adipisicing mollit irure tempor ut enim esse commodo laboris proident. Do excepteur laborum anim esse aliquip eu sit id Lorem incididunt elit irure ea nulla dolor et. Nulla amet fugiat qui minim deserunt enim eu cupidatat aute officia do velit ea reprehenderit.\n\n### Heading three\n\nVoluptate cupidatat cillum elit quis ipsum eu voluptate fugiat consectetur enim. Quis ut voluptate culpa ex anim aute consectetur dolore proident voluptate exercitation eiusmod. Esse in do anim magna minim culpa sint. Adipisicing ipsum consectetur proident ullamco magna sit amet aliqua aute fugiat laborum exercitation duis et.\n\n#### Heading four\n\nCommodo fugiat aliqua minim quis pariatur mollit id tempor. Non occaecat minim esse enim aliqua adipisicing nostrud duis consequat eu adipisicing qui. Minim aliquip sit excepteur ipsum consequat laborum pariatur excepteur. Veniam fugiat et amet ad elit anim laborum duis mollit occaecat et et ipsum et reprehenderit. Occaecat aliquip dolore adipisicing sint labore occaecat officia fugiat. Quis adipisicing exercitation exercitation eu amet est laboris sunt nostrud ipsum reprehenderit ullamco. Enim sint ut consectetur id anim aute voluptate exercitation mollit dolore magna magna est Lorem. Ut adipisicing adipisicing aliqua ullamco voluptate labore nisi tempor esse magna incididunt.\n\n##### Heading five\n\nVeniam enim esse amet veniam deserunt laboris amet enim consequat. Minim nostrud deserunt cillum consectetur commodo eu enim nostrud ullamco occaecat excepteur. Aliquip et ut est commodo enim dolor amet sint excepteur. Amet ad laboris laborum deserunt sint sunt aliqua commodo ex duis deserunt enim est ex labore ut. Duis incididunt velit adipisicing non incididunt adipisicing adipisicing. Ad irure duis nisi tempor eu dolor fugiat magna et consequat tempor eu ex dolore. Mollit esse nisi qui culpa ut nisi ex proident culpa cupidatat cillum culpa occaecat anim. Ut officia sit ea nisi ea excepteur nostrud ipsum et nulla.\n\n###### Heading six\n\nLorem ipsum dolor sit amet, consectetur adipisicing elit, sed do eiusmod tempor incididunt ut labore et dolore magna aliqua. Ut enim ad minim veniam, quis nostrud exercitation ullamco laboris nisi ut aliquip ex ea commodo consequat. Duis aute irure dolor in reprehenderit in voluptate velit esse cillum dolore eu fugiat nulla pariatur. Excepteur sint occaecat cupidatat non proident, sunt in culpa qui officia deserunt mollit anim id est laborum.\n\n\n[[Top]](#top)\n\n# <a name="Paragraphs"></a>Paragraphs\n\nIncididunt ex adipisicing ea ullamco consectetur in voluptate proident fugiat tempor deserunt reprehenderit ullamco id dolore laborum. Do laboris laboris minim incididunt qui consectetur exercitation adipisicing dolore et magna consequat magna anim sunt. Officia fugiat Lorem sunt pariatur incididunt Lorem reprehenderit proident irure. Dolore ipsum aliqua mollit ad officia fugiat sit eu aliquip cupidatat ipsum duis laborum laborum fugiat esse. Voluptate anim ex dolore deserunt ea ex eiusmod irure. Occaecat excepteur aliqua exercitation aliquip dolor esse eu eu.\n\nOfficia dolore laborum aute incididunt commodo nisi velit est est elit et dolore elit exercitation. Enim aliquip magna id ipsum aliquip consectetur ad nulla quis. Incididunt pariatur dolor consectetur cillum enim velit cupidatat laborum quis ex.\n\nOfficia irure in non voluptate adipisicing sit amet tempor duis dolore deserunt enim ut. Reprehenderit incididunt in ad anim et deserunt deserunt Lorem laborum quis. Enim aute anim labore proident laboris voluptate elit excepteur in. Ex labore nulla velit officia ullamco Lorem Lorem id do. Dolore ullamco ipsum magna dolor pariatur voluptate ipsum id occaecat ipsum. Dolore tempor quis duis commodo quis quis enim.\n\n[[Top]](#top)\n\n# <a name="Blockquotes"></a>Blockquotes\n\nAd nisi laborum aute cupidatat magna deserunt eu id laboris id. Aliquip nulla cupidatat sint ex Lorem mollit laborum dolor amet est ut esse aute. Nostrud ex consequat id incididunt proident ipsum minim duis aliqua ut ex et ad quis. Laborum sint esse cillum anim nulla cillum consectetur aliqua sit. Nisi excepteur cillum labore amet excepteur commodo enim occaecat consequat ipsum proident exercitation duis id in.\n\n> Ipsum et cupidatat mollit exercitation enim duis sunt irure aliqua reprehenderit mollit. Pariatur Lorem pariatur laboris do culpa do elit irure. Eiusmod amet nulla voluptate velit culpa et aliqua ad reprehenderit sit ut.\n\nLabore ea magna Lorem consequat aliquip consectetur cillum duis dolore. Et veniam dolor qui incididunt minim amet laboris sit. Dolore ad esse commodo et dolore amet est velit ut nisi ea. Excepteur ea nulla commodo dolore anim dolore adipisicing eiusmod labore id enim esse quis mollit deserunt est. Minim ea culpa voluptate nostrud commodo proident in duis aliquip minim.\n\n> Qui est sit et reprehenderit aute est esse enim aliqua id aliquip ea anim. Pariatur sint reprehenderit mollit velit voluptate enim consectetur sint enim. Quis exercitation proident elit non id qui culpa dolore esse aliquip consequat.\n\nIpsum excepteur cupidatat sunt minim ad eiusmod tempor sit.\n\n> Deserunt excepteur adipisicing culpa pariatur cillum laboris ullamco nisi fugiat cillum officia. In cupidatat nulla aliquip tempor ad Lorem Lorem quis voluptate officia consectetur pariatur ex in est duis. Mollit id esse est elit exercitation voluptate nostrud nisi laborum magna dolore dolore tempor in est consectetur.\n\nAdipisicing voluptate ipsum culpa voluptate id aute laboris labore esse fugiat veniam ullamco occaecat do ut. Tempor et esse reprehenderit veniam proident ipsum irure sit ullamco et labore ea excepteur nulla labore ut. Ex aute minim quis tempor in eu id id irure ea nostrud dolor esse.\n\n[[Top]](#top)\n\n# <a name="Lists"></a>Lists\n\n### Ordered List\n\n1. Longan\n2. Lychee\n3. Excepteur ad cupidatat do elit laborum amet cillum reprehenderit consequat quis.\n    Deserunt officia esse aliquip consectetur duis ut labore laborum commodo aliquip aliquip velit pariatur dolore.\n4. Marionberry\n5. Melon\n    - Cantaloupe\n    - Honeydew\n    - Watermelon\n6. Miracle fruit\n7. Mulberry\n\n### Unordered List\n\n- Olive\n- Orange\n    - Blood orange\n    - Clementine\n- Papaya\n- Ut aute ipsum occaecat nisi culpa Lorem id occaecat cupidatat id id magna laboris ad duis. Fugiat cillum dolore veniam nostrud proident sint consectetur eiusmod irure adipisicing.\n- Passionfruit\n\n[[Top]](#top)\n\n# <a name="Horizontal"></a>Horizontal rule\n\nIn dolore velit aliquip labore mollit minim tempor veniam eu veniam ad in sint aliquip mollit mollit. Ex occaecat non deserunt elit laborum sunt tempor sint consequat culpa culpa qui sit. Irure ad commodo eu voluptate mollit cillum cupidatat veniam proident amet minim reprehenderit.\n\n***\n\nIn laboris eiusmod reprehenderit aliquip sit proident occaecat. Non sit labore anim elit veniam Lorem minim commodo eiusmod irure do minim nisi. Dolor amet cillum excepteur consequat sint non sint.\n\n[[Top]](#top)\n\n# <a name="Table"></a>Table\n\nDuis sunt ut pariatur reprehenderit mollit mollit magna dolore in pariatur nulla commodo sit dolor ad fugiat. Laboris amet ea occaecat duis eu enim exercitation deserunt ea laborum occaecat reprehenderit. Et incididunt dolor commodo consequat mollit nisi proident non pariatur in et incididunt id. Eu ut et Lorem ea ex magna minim ipsum ipsum do.\n\n| Table Heading 1 | Table Heading 2 | Center align    | Right align     | Table Heading 5 |\n| :-------------- | :-------------- | :-------------: | --------------: | :-------------- |\n| Item 1          | Item 2          | Item 3          | Item 4          | Item 5          |\n| Item 1          | Item 2          | Item 3          | Item 4          | Item 5          |\n| Item 1          | Item 2          | Item 3          | Item 4          | Item 5          |\n| Item 1          | Item 2          | Item 3          | Item 4          | Item 5          |\n| Item 1          | Item 2          | Item 3          | Item 4          | Item 5          |\n\nMinim id consequat adipisicing cupidatat laborum culpa veniam non consectetur et duis pariatur reprehenderit eu ex consectetur. Sunt nisi qui eiusmod ut cillum laborum Lorem officia aliquip laboris ullamco nostrud laboris non irure laboris. Cillum dolore labore Lorem deserunt mollit voluptate esse incididunt ex dolor.\n\n[[Top]](#top)\n\n# <a name="Code"></a>Code\n\n## Inline code\n\nAd amet irure est magna id mollit Lorem in do duis enim. Excepteur velit nisi magna ea pariatur pariatur ullamco fugiat deserunt sint non sint. Duis duis est `code in text` velit velit aute culpa ex quis pariatur pariatur laborum aute pariatur duis tempor sunt ad. Irure magna voluptate dolore consectetur consectetur irure esse. Anim magna `<strong>in culpa qui officia</strong>` dolor eiusmod esse amet aute cupidatat aliqua do id voluptate cupidatat reprehenderit amet labore deserunt.\n\n## Highlighted\n\nEt fugiat ad nisi amet magna labore do cillum fugiat occaecat cillum Lorem proident. In sint dolor ullamco ad do adipisicing amet id excepteur Lorem aliquip sit irure veniam laborum duis cillum. Aliqua occaecat minim cillum deserunt magna sunt laboris do do irure ea nostrud consequat ut voluptate ex.\n\n```go\npackage main\n\nimport (\n    "fmt"\n    "net/http"\n)\n\nfunc handler(w http.ResponseWriter, r *http.Request) {\n    fmt.Fprintf(w, "Hi there, I love %s!", r.URL.Path[1:])\n}\n\nfunc main() {\n    http.HandleFunc("/", handler)\n    http.ListenAndServe(":8080", nil)\n}\n```\n\nEx amet id ex aliquip id do laborum excepteur exercitation elit sint commodo occaecat nostrud est. Nostrud pariatur esse veniam laborum non sint magna sit laboris minim in id. Aliqua pariatur pariatur excepteur adipisicing irure culpa consequat commodo et ex id ad.\n\n[[Top]](#top)\n\n# <a name="Inline"></a>Inline elements\n\nSint ea anim ipsum ad commodo cupidatat do **exercitation** incididunt et minim ad labore sunt. Minim deserunt labore laboris velit nulla incididunt ipsum nulla. Ullamco ad laborum ea qui et anim in laboris exercitation tempor sit officia laborum reprehenderit culpa velit quis. **Consequat commodo** reprehenderit duis [irure](#!) esse esse exercitation minim enim Lorem dolore duis irure. Nisi Lorem reprehenderit ea amet excepteur dolor excepteur magna labore proident voluptate ipsum. Reprehenderit ex esse deserunt aliqua ea officia mollit Lorem nulla magna enim. Et ad ipsum labore enim ipsum **cupidatat consequat**. Commodo non ea cupidatat magna deserunt dolore ipsum velit nulla elit veniam nulla eiusmod proident officia.\n\n![Super wide](http://placekitten.com/1280/800)\n\n*Proident sit veniam in est proident officia adipisicing* ea tempor cillum non cillum velit deserunt. Voluptate laborum incididunt sit consectetur Lorem irure incididunt voluptate nostrud. Commodo ut eiusmod tempor cupidatat esse enim minim ex anim consequat. Mollit sint culpa qui laboris quis consectetur ad sint esse. Amet anim anim minim ullamco et duis non irure. Sit tempor adipisicing ea laboris `culpa ex duis sint` anim aute reprehenderit id eu ea. Aute [excepteur proident](#!) Lorem minim adipisicing nostrud mollit ad ut voluptate do nulla esse occaecat aliqua sint anim.\n\n![Not so big](http://placekitten.com/480/400)\n\nIncididunt in culpa cupidatat mollit cillum qui proident sit. In cillum aliquip incididunt voluptate magna amet cupidatat cillum pariatur sint aliqua est _enim **anim** voluptate_. Magna aliquip proident incididunt id duis pariatur eiusmod incididunt commodo culpa dolore sit. Culpa do nostrud elit ad exercitation anim pariatur non minim nisi **adipisicing sunt _officia_**. Do deserunt magna mollit Lorem commodo ipsum do cupidatat mollit enim ut elit veniam ea voluptate.\n\n[![Manny Pacquiao](https://img.youtube.com/vi/s6bCmZmy9aQ/0.jpg)](https://youtu.be/s6bCmZmy9aQ)\n\nReprehenderit non eu quis in ad elit esse qui aute id [incididunt](#!) dolore cillum. Esse laboris consequat dolor anim exercitation tempor aliqua deserunt velit magna laboris. Culpa culpa minim duis amet mollit do quis amet commodo nulla irure.','\n',char(10)),'https://picsum.photos/id/200/640/480','test-article-with-tons-of-markdown',2,NULL,1,1,1603263146594,1603361774946);
INSERT INTO articles VALUES(3,'Test article with components',NULL,'Some nice text','https://picsum.photos/id/100/640/480','much-cool-article',2,1603265468065,2,1,1603263982039,1604402911417);
DELETE FROM sqlite_sequence;
INSERT INTO sqlite_sequence VALUES('core_store',49);
INSERT INTO sqlite_sequence VALUES('strapi_webhooks',0);
INSERT INTO sqlite_sequence VALUES('strapi_permission',135);
INSERT INTO sqlite_sequence VALUES('strapi_role',3);
INSERT INTO sqlite_sequence VALUES('strapi_administrator',2);
INSERT INTO sqlite_sequence VALUES('strapi_users_roles',2);
INSERT INTO sqlite_sequence VALUES('upload_file',9);
INSERT INTO sqlite_sequence VALUES('upload_file_morph',36);
INSERT INTO sqlite_sequence VALUES('users-permissions_permission',206);
INSERT INTO sqlite_sequence VALUES('users-permissions_role',2);
INSERT INTO sqlite_sequence VALUES('posts_components',10);
INSERT INTO sqlite_sequence VALUES('users-permissions_user',2);
INSERT INTO sqlite_sequence VALUES('posts',4);
INSERT INTO sqlite_sequence VALUES('articles_components',11);
INSERT INTO sqlite_sequence VALUES('abouts',1);
INSERT INTO sqlite_sequence VALUES('homes',1);
INSERT INTO sqlite_sequence VALUES('components_teaser_teaser_medias_components',6);
INSERT INTO sqlite_sequence VALUES('abouts_components',1);
INSERT INTO sqlite_sequence VALUES('components_general_link_relations',13);
INSERT INTO sqlite_sequence VALUES('components_teaser_teaser_medias',13);
INSERT INTO sqlite_sequence VALUES('components_teaser_teaser_texts',1);
INSERT INTO sqlite_sequence VALUES('articles',3);
CREATE UNIQUE INDEX `strapi_role_name_unique` on `strapi_role` (`name`);
CREATE UNIQUE INDEX `strapi_role_code_unique` on `strapi_role` (`code`);
CREATE UNIQUE INDEX `strapi_administrator_email_unique` on `strapi_administrator` (`email`);
CREATE UNIQUE INDEX `users-permissions_role_type_unique` on `users-permissions_role` (`type`);
CREATE UNIQUE INDEX `tokens_token_unique` on `tokens` (`token`);
CREATE UNIQUE INDEX `article_slug_unique` on `article` (`slug`);
CREATE UNIQUE INDEX `post_slug_unique` on `post` (`slug`);
CREATE UNIQUE INDEX `users-permissions_user_username_unique` on `users-permissions_user` (`username`);
CREATE UNIQUE INDEX `abouts_slug_unique` on `abouts` (`slug`);
CREATE UNIQUE INDEX `homes_slug_unique` on `homes` (`slug`);
CREATE UNIQUE INDEX `articles_slug_unique` on `articles` (`slug`);
COMMIT;
